datetime,savoy_flow,savoy_height,osage_creek_flow,osage_creek_height,hwy_16_flow,hwy_16_height,hwy_59_height,lake_francis_height,watts_ok_flow,watts_ok_height
<<<<<<< Updated upstream
2026-05-04 14:45:00+00:00,144.0,2.88,183.0,2.87,528.0,6.97,3.72,910.77,,
2026-05-04 15:00:00+00:00,144.0,2.88,181.0,2.86,528.0,6.97,3.73,910.73,796.0,3.73
2026-05-04 15:15:00+00:00,140.0,2.86,183.0,2.87,528.0,6.97,3.72,910.68,,
2026-05-04 15:30:00+00:00,142.0,2.87,183.0,2.87,528.0,6.97,3.71,910.63,832.0,3.8
2026-05-04 15:45:00+00:00,142.0,2.87,185.0,2.88,533.0,6.98,3.71,910.58,,
2026-05-04 16:00:00+00:00,138.0,2.85,187.0,2.89,533.0,6.98,3.71,910.57,827.0,3.79
2026-05-04 16:15:00+00:00,140.0,2.86,187.0,2.89,533.0,6.98,3.7,910.54,,
2026-05-04 16:30:00+00:00,140.0,2.86,187.0,2.89,524.0,6.96,3.71,910.53,801.0,3.74
2026-05-04 16:45:00+00:00,140.0,2.86,189.0,2.9,528.0,6.97,3.7,910.53,,
2026-05-04 17:00:00+00:00,140.0,2.86,189.0,2.9,533.0,6.98,3.69,910.52,791.0,3.72
2026-05-04 17:15:00+00:00,140.0,2.86,189.0,2.9,528.0,6.97,3.7,910.53,,
2026-05-04 17:30:00+00:00,140.0,2.86,189.0,2.9,528.0,6.97,3.69,910.51,771.0,3.68
2026-05-04 17:45:00+00:00,138.0,2.85,189.0,2.9,524.0,6.96,3.71,910.51,,
2026-05-04 18:00:00+00:00,138.0,2.85,191.0,2.91,524.0,6.96,3.69,910.51,752.0,3.64
2026-05-04 18:15:00+00:00,138.0,2.85,191.0,2.91,524.0,6.96,3.69,910.49,,
2026-05-04 18:30:00+00:00,138.0,2.85,191.0,2.91,519.0,6.95,3.69,910.49,761.0,3.66
2026-05-04 18:45:00+00:00,138.0,2.85,191.0,2.91,528.0,6.97,3.69,910.47,,
2026-05-04 19:00:00+00:00,138.0,2.85,191.0,2.91,524.0,6.96,3.69,910.48,742.0,3.62
2026-05-04 19:15:00+00:00,138.0,2.85,193.0,2.92,515.0,6.94,3.68,910.48,,
2026-05-04 19:30:00+00:00,138.0,2.85,193.0,2.92,524.0,6.96,3.68,910.48,742.0,3.62
2026-05-04 19:45:00+00:00,138.0,2.85,193.0,2.92,515.0,6.94,3.69,910.47,,
2026-05-04 20:00:00+00:00,138.0,2.85,193.0,2.92,524.0,6.96,3.69,910.47,747.0,3.63
2026-05-04 20:15:00+00:00,138.0,2.85,196.0,2.93,515.0,6.94,3.68,910.52,,
2026-05-04 20:30:00+00:00,136.0,2.84,196.0,2.93,519.0,6.95,3.68,910.56,681.0,3.49
2026-05-04 20:45:00+00:00,138.0,2.85,196.0,2.93,515.0,6.94,3.67,910.59,,
2026-05-04 21:00:00+00:00,138.0,2.85,196.0,2.93,515.0,6.94,3.67,910.59,695.0,3.52
2026-05-04 21:15:00+00:00,140.0,2.86,196.0,2.93,515.0,6.94,3.67,910.6,,
2026-05-04 21:30:00+00:00,138.0,2.85,196.0,2.93,515.0,6.94,3.68,910.58,732.0,3.6
2026-05-04 21:45:00+00:00,140.0,2.86,196.0,2.93,510.0,6.93,3.67,910.55,,
2026-05-04 22:00:00+00:00,138.0,2.85,196.0,2.93,519.0,6.95,3.67,910.38,863.0,3.86
2026-05-04 22:15:00+00:00,138.0,2.85,193.0,2.92,510.0,6.93,3.68,910.37,,
2026-05-04 22:30:00+00:00,140.0,2.86,193.0,2.92,510.0,6.93,3.65,910.41,771.0,3.68
2026-05-04 22:45:00+00:00,136.0,2.84,193.0,2.92,515.0,6.94,3.67,910.42,,
2026-05-04 23:00:00+00:00,136.0,2.84,193.0,2.92,519.0,6.95,3.66,910.42,747.0,3.63
2026-05-04 23:15:00+00:00,138.0,2.85,193.0,2.92,515.0,6.94,3.66,910.43,,
2026-05-04 23:30:00+00:00,138.0,2.85,193.0,2.92,515.0,6.94,3.64,910.42,737.0,3.61
2026-05-04 23:45:00+00:00,136.0,2.84,193.0,2.92,519.0,6.95,3.65,910.42,,
2026-05-05 00:00:00+00:00,138.0,2.85,191.0,2.91,519.0,6.95,3.65,910.42,732.0,3.6
2026-05-05 00:15:00+00:00,138.0,2.85,191.0,2.91,519.0,6.95,3.63,910.42,,
2026-05-05 00:30:00+00:00,136.0,2.84,193.0,2.92,515.0,6.94,3.63,910.42,732.0,3.6
2026-05-05 00:45:00+00:00,136.0,2.84,193.0,2.92,515.0,6.94,3.64,910.42,,
2026-05-05 01:00:00+00:00,136.0,2.84,191.0,2.91,515.0,6.94,3.64,910.42,732.0,3.6
2026-05-05 01:15:00+00:00,134.0,2.83,191.0,2.91,515.0,6.94,3.64,910.42,,
2026-05-05 01:30:00+00:00,136.0,2.84,191.0,2.91,515.0,6.94,3.64,910.41,732.0,3.6
2026-05-05 01:45:00+00:00,134.0,2.83,191.0,2.91,515.0,6.94,3.62,910.41,,
2026-05-05 02:00:00+00:00,134.0,2.83,191.0,2.91,510.0,6.93,3.63,910.41,728.0,3.59
2026-05-05 02:15:00+00:00,134.0,2.83,189.0,2.9,510.0,6.93,3.61,910.41,,
2026-05-05 02:30:00+00:00,134.0,2.83,189.0,2.9,510.0,6.93,3.63,910.41,728.0,3.59
2026-05-05 02:45:00+00:00,134.0,2.83,191.0,2.91,510.0,6.93,3.64,910.41,,
2026-05-05 03:00:00+00:00,134.0,2.83,191.0,2.91,510.0,6.93,3.63,910.41,723.0,3.58
2026-05-05 03:15:00+00:00,134.0,2.83,191.0,2.91,510.0,6.93,3.63,910.4,,
2026-05-05 03:30:00+00:00,132.0,2.82,191.0,2.91,510.0,6.93,3.62,910.4,723.0,3.58
2026-05-05 03:45:00+00:00,132.0,2.82,191.0,2.91,510.0,6.93,3.63,910.4,,
2026-05-05 04:00:00+00:00,132.0,2.82,191.0,2.91,510.0,6.93,3.62,910.4,718.0,3.57
2026-05-05 04:15:00+00:00,132.0,2.82,193.0,2.92,510.0,6.93,3.62,910.4,,
2026-05-05 04:30:00+00:00,132.0,2.82,191.0,2.91,510.0,6.93,3.62,910.4,718.0,3.57
2026-05-05 04:45:00+00:00,132.0,2.82,191.0,2.91,510.0,6.93,3.62,910.4,,
2026-05-05 05:00:00+00:00,132.0,2.82,191.0,2.91,510.0,6.93,3.62,910.4,718.0,3.57
2026-05-05 05:15:00+00:00,132.0,2.82,191.0,2.91,510.0,6.93,3.61,910.4,,
2026-05-05 05:30:00+00:00,131.0,2.81,193.0,2.92,510.0,6.93,3.61,910.4,718.0,3.57
2026-05-05 05:45:00+00:00,132.0,2.82,191.0,2.91,510.0,6.93,3.62,910.4,,
2026-05-05 06:00:00+00:00,131.0,2.81,191.0,2.91,510.0,6.93,3.62,910.4,718.0,3.57
2026-05-05 06:15:00+00:00,131.0,2.81,191.0,2.91,510.0,6.93,3.62,910.4,,
2026-05-05 06:30:00+00:00,132.0,2.82,191.0,2.91,510.0,6.93,3.61,910.4,718.0,3.57
2026-05-05 06:45:00+00:00,132.0,2.82,191.0,2.91,506.0,6.92,3.6,910.4,,
2026-05-05 07:00:00+00:00,131.0,2.81,191.0,2.91,510.0,6.93,3.63,910.4,718.0,3.57
2026-05-05 07:15:00+00:00,132.0,2.82,191.0,2.91,510.0,6.93,3.61,910.4,,
2026-05-05 07:30:00+00:00,132.0,2.82,193.0,2.92,510.0,6.93,3.6,910.4,723.0,3.58
2026-05-05 07:45:00+00:00,132.0,2.82,208.0,2.99,510.0,6.93,3.61,910.4,,
2026-05-05 08:00:00+00:00,132.0,2.82,220.0,3.04,510.0,6.93,3.62,910.4,718.0,3.57
2026-05-05 08:15:00+00:00,138.0,2.85,231.0,3.09,515.0,6.94,3.62,910.41,,
2026-05-05 08:30:00+00:00,140.0,2.86,242.0,3.14,515.0,6.94,3.62,910.4,723.0,3.58
2026-05-05 08:45:00+00:00,140.0,2.86,242.0,3.14,515.0,6.94,3.62,910.4,,
2026-05-05 09:00:00+00:00,140.0,2.86,245.0,3.15,515.0,6.94,3.62,910.4,718.0,3.57
2026-05-05 09:15:00+00:00,138.0,2.85,252.0,3.18,515.0,6.94,3.63,910.4,,
2026-05-05 09:30:00+00:00,138.0,2.85,264.0,3.23,519.0,6.95,3.62,910.4,718.0,3.57
2026-05-05 09:45:00+00:00,138.0,2.85,266.0,3.24,519.0,6.95,3.63,910.4,,
2026-05-05 10:00:00+00:00,136.0,2.84,271.0,3.26,519.0,6.95,3.63,910.4,718.0,3.57
2026-05-05 10:15:00+00:00,136.0,2.84,274.0,3.27,519.0,6.95,3.63,910.39,,
2026-05-05 10:30:00+00:00,134.0,2.83,274.0,3.27,519.0,6.95,3.62,910.4,713.0,3.56
2026-05-05 10:45:00+00:00,134.0,2.83,274.0,3.27,524.0,6.96,3.65,910.39,,
2026-05-05 11:00:00+00:00,134.0,2.83,329.0,3.48,524.0,6.96,3.64,910.39,713.0,3.56
2026-05-05 11:15:00+00:00,132.0,2.82,521.0,4.11,524.0,6.96,3.63,910.39,,
2026-05-05 11:30:00+00:00,132.0,2.82,756.0,4.74,524.0,6.96,3.63,910.39,713.0,3.56
2026-05-05 11:45:00+00:00,134.0,2.83,967.0,5.23,528.0,6.97,3.64,910.4,,
2026-05-05 12:00:00+00:00,138.0,2.85,1130.0,5.57,528.0,6.97,3.64,910.39,718.0,3.57
2026-05-05 12:15:00+00:00,142.0,2.87,1210.0,5.73,533.0,6.98,3.63,910.4,,
2026-05-05 12:30:00+00:00,144.0,2.88,1220.0,5.76,533.0,6.98,3.64,910.4,718.0,3.57
2026-05-05 12:45:00+00:00,144.0,2.88,1250.0,5.81,533.0,6.98,3.64,910.4,,
2026-05-05 13:00:00+00:00,148.0,2.9,1280.0,5.86,533.0,6.98,3.65,910.4,718.0,3.57
2026-05-05 13:15:00+00:00,193.0,3.12,1290.0,5.88,533.0,6.98,3.64,910.4,,
2026-05-05 13:30:00+00:00,267.0,3.42,1290.0,5.89,538.0,6.99,3.65,910.46,718.0,3.57
2026-05-05 13:45:00+00:00,308.0,3.57,1290.0,5.89,538.0,6.99,3.65,910.62,,
2026-05-05 14:00:00+00:00,323.0,3.62,1260.0,5.83,538.0,6.99,3.65,910.77,560.0,3.21
2026-05-05 14:15:00+00:00,320.0,3.61,1220.0,5.76,538.0,6.99,3.65,910.87,,
2026-05-05 14:30:00+00:00,314.0,3.59,1180.0,5.68,542.0,7.0,3.67,910.93,560.0,3.21
2026-05-05 14:45:00+00:00,303.0,3.55,1150.0,5.61,542.0,7.0,3.66,910.75,,
2026-05-05 15:00:00+00:00,297.0,3.53,1110.0,5.53,548.0,7.01,3.67,910.53,879.0,3.89
2026-05-05 15:15:00+00:00,288.0,3.5,1070.0,5.45,548.0,7.01,3.67,910.33,,
2026-05-05 15:30:00+00:00,280.0,3.47,1030.0,5.37,553.0,7.02,3.68,910.19,968.0,4.06
2026-05-05 15:45:00+00:00,272.0,3.44,999.0,5.3,558.0,7.03,3.68,910.18,,
2026-05-05 16:00:00+00:00,264.0,3.41,962.0,5.22,564.0,7.04,3.69,910.34,761.0,3.66
2026-05-05 16:15:00+00:00,259.0,3.39,917.0,5.12,569.0,7.05,3.69,910.6,,
2026-05-05 16:30:00+00:00,249.0,3.35,882.0,5.04,574.0,7.06,3.69,910.75,552.0,3.19
2026-05-05 16:45:00+00:00,243.0,3.33,843.0,4.95,585.0,7.08,3.69,910.86,,
2026-05-05 17:00:00+00:00,236.0,3.3,822.0,4.9,597.0,7.1,3.69,910.92,552.0,3.19
2026-05-05 17:15:00+00:00,233.0,3.29,780.0,4.8,619.0,7.14,3.72,910.87,,
2026-05-05 17:30:00+00:00,229.0,3.27,752.0,4.73,660.0,7.21,3.7,910.79,704.0,3.54
2026-05-05 17:45:00+00:00,221.0,3.24,724.0,4.66,721.0,7.31,3.72,910.74,,
2026-05-05 18:00:00+00:00,216.0,3.22,704.0,4.61,806.0,7.44,3.72,910.7,771.0,3.68
2026-05-05 18:15:00+00:00,209.0,3.19,673.0,4.53,912.0,7.59,3.74,910.68,,
2026-05-05 18:30:00+00:00,205.0,3.17,658.0,4.49,1060.0,7.78,3.76,910.67,771.0,3.68
2026-05-05 18:45:00+00:00,202.0,3.16,628.0,4.41,1220.0,7.97,3.78,910.66,,
2026-05-05 19:00:00+00:00,198.0,3.14,609.0,4.36,1410.0,8.17,3.83,910.65,766.0,3.67
2026-05-05 19:15:00+00:00,191.0,3.11,595.0,4.32,1580.0,8.34,3.87,910.66,,
2026-05-05 19:30:00+00:00,189.0,3.1,580.0,4.28,1730.0,8.48,3.95,910.65,766.0,3.67
2026-05-05 19:45:00+00:00,187.0,3.09,566.0,4.24,1820.0,8.59,4.08,910.66,,
2026-05-05 20:00:00+00:00,182.0,3.07,548.0,4.19,1880.0,8.66,4.24,910.66,771.0,3.68
2026-05-05 20:15:00+00:00,178.0,3.05,542.0,4.17,1920.0,8.71,4.42,910.67,,
2026-05-05 20:30:00+00:00,178.0,3.05,524.0,4.12,1950.0,8.74,4.67,910.7,781.0,3.7
2026-05-05 20:45:00+00:00,174.0,3.03,508.0,4.07,1960.0,8.75,4.87,910.74,,
2026-05-05 21:00:00+00:00,174.0,3.03,504.0,4.06,1940.0,8.73,5.07,910.79,827.0,3.79
2026-05-05 21:15:00+00:00,170.0,3.01,491.0,4.02,1940.0,8.73,5.21,910.86,,
2026-05-05 21:30:00+00:00,170.0,3.01,478.0,3.98,1910.0,8.69,5.33,910.94,923.0,3.97
2026-05-05 21:45:00+00:00,168.0,3.0,475.0,3.97,1900.0,8.68,5.45,911.03,,
2026-05-05 22:00:00+00:00,165.0,2.99,468.0,3.95,1850.0,8.63,5.54,911.12,1050.0,4.24
2026-05-05 22:15:00+00:00,165.0,2.99,455.0,3.91,1820.0,8.59,5.61,911.2,,
2026-05-05 22:30:00+00:00,161.0,2.97,449.0,3.89,1790.0,8.56,5.65,911.27,1220.0,4.55
2026-05-05 22:45:00+00:00,161.0,2.97,446.0,3.88,1750.0,8.51,5.67,911.33,,
2026-05-05 23:00:00+00:00,159.0,2.96,440.0,3.86,1720.0,8.47,5.7,911.39,1370.0,4.83
2026-05-05 23:15:00+00:00,159.0,2.96,433.0,3.84,1660.0,8.42,5.7,911.43,,
2026-05-05 23:30:00+00:00,157.0,2.95,430.0,3.83,1620.0,8.38,5.69,911.47,1490.0,5.03
2026-05-05 23:45:00+00:00,155.0,2.94,424.0,3.81,1580.0,8.34,5.67,911.49,,
2026-05-06 00:00:00+00:00,153.0,2.93,418.0,3.79,1540.0,8.3,5.64,911.51,1580.0,5.17
2026-05-06 00:15:00+00:00,153.0,2.93,412.0,3.77,1500.0,8.27,5.62,911.52,,
2026-05-06 00:30:00+00:00,151.0,2.92,406.0,3.75,1450.0,8.22,5.58,911.53,1630.0,5.24
2026-05-06 00:45:00+00:00,149.0,2.91,400.0,3.73,1420.0,8.19,5.55,911.53,,
2026-05-06 01:00:00+00:00,149.0,2.91,397.0,3.72,1390.0,8.15,5.51,911.52,1650.0,5.27
2026-05-06 01:15:00+00:00,149.0,2.91,391.0,3.7,1350.0,8.11,5.46,911.52,,
2026-05-06 01:30:00+00:00,149.0,2.91,388.0,3.69,1320.0,8.08,5.41,911.51,1650.0,5.27
2026-05-06 01:45:00+00:00,148.0,2.9,385.0,3.68,1280.0,8.04,5.37,911.5,,
2026-05-06 02:00:00+00:00,146.0,2.89,379.0,3.66,1260.0,8.01,5.33,911.48,1630.0,5.24
2026-05-06 02:15:00+00:00,146.0,2.89,376.0,3.65,1240.0,7.99,5.28,911.47,,
2026-05-06 02:30:00+00:00,146.0,2.89,373.0,3.64,1210.0,7.96,5.24,911.45,1590.0,5.19
2026-05-06 02:45:00+00:00,144.0,2.88,371.0,3.63,1180.0,7.92,5.19,911.43,,
2026-05-06 03:00:00+00:00,144.0,2.88,368.0,3.62,1160.0,7.9,5.15,911.41,1560.0,5.14
2026-05-06 03:15:00+00:00,142.0,2.87,362.0,3.6,1130.0,7.87,5.12,911.39,,
2026-05-06 03:30:00+00:00,142.0,2.87,362.0,3.6,1110.0,7.84,5.07,911.37,1520.0,5.08
2026-05-06 03:45:00+00:00,142.0,2.87,359.0,3.59,1090.0,7.82,5.02,911.35,,
2026-05-06 04:00:00+00:00,140.0,2.86,353.0,3.57,1080.0,7.8,4.99,911.33,1480.0,5.01
2026-05-06 04:15:00+00:00,140.0,2.86,353.0,3.57,1060.0,7.78,4.95,911.31,,
2026-05-06 04:30:00+00:00,140.0,2.86,348.0,3.55,1040.0,7.76,4.91,911.29,1440.0,4.95
2026-05-06 04:45:00+00:00,138.0,2.85,348.0,3.55,1020.0,7.73,4.89,911.28,,
2026-05-06 05:00:00+00:00,138.0,2.85,345.0,3.54,1000.0,7.71,4.86,911.26,1410.0,4.89
2026-05-06 05:15:00+00:00,138.0,2.85,342.0,3.53,988.0,7.69,4.8,911.24,,
2026-05-06 05:30:00+00:00,138.0,2.85,339.0,3.52,980.0,7.68,4.78,911.23,1370.0,4.83
2026-05-06 05:45:00+00:00,138.0,2.85,337.0,3.51,965.0,7.66,4.77,911.21,,
2026-05-06 06:00:00+00:00,138.0,2.85,337.0,3.51,950.0,7.64,4.73,911.2,1340.0,4.77
2026-05-06 06:15:00+00:00,136.0,2.84,334.0,3.5,942.0,7.63,4.68,911.18,,
2026-05-06 06:30:00+00:00,136.0,2.84,331.0,3.49,927.0,7.61,4.67,911.17,1300.0,4.71
2026-05-06 06:45:00+00:00,136.0,2.84,329.0,3.48,912.0,7.59,4.65,911.16,,
2026-05-06 07:00:00+00:00,134.0,2.83,326.0,3.47,905.0,7.58,4.62,911.14,1280.0,4.67
2026-05-06 07:15:00+00:00,134.0,2.83,326.0,3.47,898.0,7.57,4.59,911.13,,
2026-05-06 07:30:00+00:00,134.0,2.83,323.0,3.46,891.0,7.56,4.56,911.12,1250.0,4.62
2026-05-06 07:45:00+00:00,136.0,2.84,323.0,3.46,876.0,7.54,4.54,911.11,,
2026-05-06 08:00:00+00:00,132.0,2.82,323.0,3.46,869.0,7.53,4.51,911.09,1230.0,4.57
2026-05-06 08:15:00+00:00,132.0,2.82,320.0,3.45,862.0,7.52,4.47,911.08,,
2026-05-06 08:30:00+00:00,132.0,2.82,318.0,3.44,855.0,7.51,4.49,911.07,1210.0,4.53
2026-05-06 08:45:00+00:00,134.0,2.83,315.0,3.43,848.0,7.5,4.46,911.06,,
2026-05-06 09:00:00+00:00,132.0,2.82,315.0,3.43,841.0,7.49,4.44,911.05,1180.0,4.48
2026-05-06 09:15:00+00:00,131.0,2.81,315.0,3.43,834.0,7.48,4.44,911.04,,
2026-05-06 09:30:00+00:00,131.0,2.81,312.0,3.42,820.0,7.46,4.41,911.03,1160.0,4.45
2026-05-06 09:45:00+00:00,131.0,2.81,312.0,3.42,820.0,7.46,4.41,911.02,,
2026-05-06 10:00:00+00:00,131.0,2.81,310.0,3.41,813.0,7.45,4.37,911.01,1140.0,4.41
2026-05-06 10:15:00+00:00,131.0,2.81,310.0,3.41,806.0,7.44,4.37,911.0,,
2026-05-06 10:30:00+00:00,131.0,2.81,307.0,3.4,800.0,7.43,4.34,910.99,1130.0,4.38
2026-05-06 10:45:00+00:00,131.0,2.81,305.0,3.39,793.0,7.42,4.32,910.98,,
2026-05-06 11:00:00+00:00,129.0,2.8,305.0,3.39,793.0,7.42,4.31,910.97,1110.0,4.34
2026-05-06 11:15:00+00:00,129.0,2.8,302.0,3.38,780.0,7.4,4.31,910.97,,
2026-05-06 11:30:00+00:00,127.0,2.79,299.0,3.37,780.0,7.4,4.31,910.96,1090.0,4.31
2026-05-06 11:45:00+00:00,129.0,2.8,299.0,3.37,773.0,7.39,4.29,910.95,,
2026-05-06 12:00:00+00:00,127.0,2.79,297.0,3.36,766.0,7.38,4.25,910.94,1070.0,4.28
2026-05-06 12:15:00+00:00,127.0,2.79,297.0,3.36,766.0,7.38,4.26,910.94,,
2026-05-06 12:30:00+00:00,129.0,2.8,294.0,3.35,760.0,7.37,4.26,910.93,1060.0,4.26
2026-05-06 12:45:00+00:00,125.0,2.78,294.0,3.35,760.0,7.37,4.25,910.92,,
2026-05-06 13:00:00+00:00,123.0,2.77,292.0,3.34,747.0,7.35,4.23,910.91,1050.0,4.23
2026-05-06 13:15:00+00:00,123.0,2.77,292.0,3.34,747.0,7.35,4.22,910.79,,
2026-05-06 13:30:00+00:00,123.0,2.77,289.0,3.33,740.0,7.34,4.2,910.66,1180.0,4.48
2026-05-06 13:45:00+00:00,122.0,2.76,286.0,3.32,740.0,7.34,4.2,910.57,,
2026-05-06 14:00:00+00:00,122.0,2.76,286.0,3.32,734.0,7.33,4.18,910.45,1180.0,4.49
2026-05-06 14:15:00+00:00,122.0,2.76,284.0,3.31,728.0,7.32,4.17,910.36,,
2026-05-06 14:30:00+00:00,122.0,2.76,281.0,3.3,728.0,7.32,4.17,910.3,1130.0,4.39
2026-05-06 14:45:00+00:00,120.0,2.75,284.0,3.31,721.0,7.31,4.17,910.27,,
2026-05-06 15:00:00+00:00,118.0,2.74,281.0,3.3,721.0,7.31,4.14,910.24,1080.0,4.29
2026-05-06 15:15:00+00:00,118.0,2.74,281.0,3.3,715.0,7.3,4.12,910.21,,
2026-05-06 15:30:00+00:00,120.0,2.75,281.0,3.3,709.0,7.29,4.13,910.19,1040.0,4.21
2026-05-06 15:45:00+00:00,118.0,2.74,281.0,3.3,709.0,7.29,4.11,910.17,,
2026-05-06 16:00:00+00:00,118.0,2.74,281.0,3.3,709.0,7.29,4.11,910.16,1010.0,4.15
2026-05-06 16:15:00+00:00,117.0,2.73,281.0,3.3,703.0,7.28,4.1,910.15,,
2026-05-06 16:30:00+00:00,117.0,2.73,281.0,3.3,696.0,7.27,4.1,910.14,991.0,4.11
2026-05-06 16:45:00+00:00,117.0,2.73,281.0,3.3,696.0,7.27,4.09,910.13,,
2026-05-06 17:00:00+00:00,117.0,2.73,281.0,3.3,696.0,7.27,4.07,910.16,958.0,4.04
2026-05-06 17:15:00+00:00,115.0,2.72,281.0,3.3,690.0,7.26,4.08,910.17,,
2026-05-06 17:30:00+00:00,115.0,2.72,281.0,3.3,690.0,7.26,4.05,910.26,954.0,4.03
2026-05-06 17:45:00+00:00,115.0,2.72,281.0,3.3,690.0,7.26,4.06,910.5,,
2026-05-06 18:00:00+00:00,113.0,2.71,281.0,3.3,684.0,7.25,4.06,910.78,658.0,3.44
2026-05-06 18:15:00+00:00,113.0,2.71,281.0,3.3,684.0,7.25,4.04,910.91,,
2026-05-06 18:30:00+00:00,115.0,2.72,279.0,3.29,684.0,7.25,4.02,910.89,728.0,3.59
2026-05-06 18:45:00+00:00,113.0,2.71,279.0,3.29,672.0,7.23,4.03,910.83,,
2026-05-06 19:00:00+00:00,113.0,2.71,279.0,3.29,672.0,7.23,4.04,910.79,896.0,3.92
2026-05-06 19:15:00+00:00,115.0,2.72,279.0,3.29,672.0,7.23,4.03,910.77,,
2026-05-06 19:30:00+00:00,113.0,2.71,279.0,3.29,660.0,7.21,3.99,910.75,928.0,3.98
2026-05-06 19:45:00+00:00,115.0,2.72,276.0,3.28,666.0,7.22,4.01,910.73,,
2026-05-06 20:00:00+00:00,115.0,2.72,276.0,3.28,660.0,7.21,3.99,910.73,923.0,3.97
2026-05-06 20:15:00+00:00,115.0,2.72,276.0,3.28,660.0,7.21,3.99,910.75,,
2026-05-06 20:30:00+00:00,115.0,2.72,274.0,3.27,654.0,7.2,3.99,910.77,890.0,3.91
2026-05-06 20:45:00+00:00,115.0,2.72,274.0,3.27,654.0,7.2,3.99,910.77,,
2026-05-06 21:00:00+00:00,117.0,2.73,271.0,3.26,648.0,7.19,3.98,910.78,879.0,3.89
2026-05-06 21:15:00+00:00,115.0,2.72,271.0,3.26,648.0,7.19,3.98,910.78,,
2026-05-06 21:30:00+00:00,117.0,2.73,271.0,3.26,648.0,7.19,3.97,910.78,885.0,3.9
2026-05-06 21:45:00+00:00,117.0,2.73,269.0,3.25,642.0,7.18,3.96,910.78,,
2026-05-06 22:00:00+00:00,117.0,2.73,266.0,3.24,642.0,7.18,3.97,910.78,879.0,3.89
2026-05-06 22:15:00+00:00,117.0,2.73,266.0,3.24,636.0,7.17,3.96,910.77,,
2026-05-06 22:30:00+00:00,117.0,2.73,266.0,3.24,636.0,7.17,3.94,910.77,879.0,3.89
2026-05-06 22:45:00+00:00,117.0,2.73,266.0,3.24,636.0,7.17,3.92,910.77,,
2026-05-06 23:00:00+00:00,117.0,2.73,264.0,3.23,631.0,7.16,3.93,910.77,874.0,3.88
2026-05-06 23:15:00+00:00,117.0,2.73,264.0,3.23,631.0,7.16,3.93,910.76,,
2026-05-06 23:30:00+00:00,117.0,2.73,264.0,3.23,631.0,7.16,3.91,910.76,869.0,3.87
2026-05-06 23:45:00+00:00,115.0,2.72,264.0,3.23,631.0,7.16,3.92,910.76,,
2026-05-07 00:00:00+00:00,115.0,2.72,266.0,3.24,625.0,7.15,3.91,910.75,863.0,3.86
2026-05-07 00:15:00+00:00,115.0,2.72,266.0,3.24,625.0,7.15,3.9,910.75,,
2026-05-07 00:30:00+00:00,113.0,2.71,266.0,3.24,625.0,7.15,3.89,910.74,858.0,3.85
2026-05-07 00:45:00+00:00,115.0,2.72,264.0,3.23,619.0,7.14,3.9,910.74,,
2026-05-07 01:00:00+00:00,113.0,2.71,262.0,3.22,619.0,7.14,3.89,910.74,853.0,3.84
2026-05-07 01:15:00+00:00,113.0,2.71,259.0,3.21,613.0,7.13,3.88,910.73,,
2026-05-07 01:30:00+00:00,113.0,2.71,257.0,3.2,613.0,7.13,3.88,910.73,848.0,3.83
2026-05-07 01:45:00+00:00,111.0,2.7,257.0,3.2,613.0,7.13,3.87,910.73,,
2026-05-07 02:00:00+00:00,113.0,2.71,257.0,3.2,613.0,7.13,3.88,910.73,842.0,3.82
2026-05-07 02:15:00+00:00,111.0,2.7,257.0,3.2,613.0,7.13,3.87,910.72,,
2026-05-07 02:30:00+00:00,111.0,2.7,254.0,3.19,608.0,7.12,3.86,910.72,837.0,3.81
2026-05-07 02:45:00+00:00,111.0,2.7,254.0,3.19,608.0,7.12,3.85,910.72,,
2026-05-07 03:00:00+00:00,111.0,2.7,257.0,3.2,608.0,7.12,3.87,910.71,832.0,3.8
2026-05-07 03:15:00+00:00,110.0,2.69,257.0,3.2,608.0,7.12,3.85,910.71,,
2026-05-07 03:30:00+00:00,111.0,2.7,257.0,3.2,608.0,7.12,3.85,910.71,827.0,3.79
2026-05-07 03:45:00+00:00,110.0,2.69,257.0,3.2,608.0,7.12,3.84,910.71,,
2026-05-07 04:00:00+00:00,110.0,2.69,254.0,3.19,602.0,7.11,3.85,910.71,827.0,3.79
2026-05-07 04:15:00+00:00,110.0,2.69,254.0,3.19,602.0,7.11,3.84,910.7,,
2026-05-07 04:30:00+00:00,110.0,2.69,254.0,3.19,602.0,7.11,3.84,910.7,822.0,3.78
2026-05-07 04:45:00+00:00,110.0,2.69,254.0,3.19,602.0,7.11,3.84,910.7,,
2026-05-07 05:00:00+00:00,110.0,2.69,254.0,3.19,602.0,7.11,3.82,910.7,817.0,3.77
2026-05-07 05:15:00+00:00,108.0,2.68,254.0,3.19,597.0,7.1,3.83,910.7,,
2026-05-07 05:30:00+00:00,108.0,2.68,254.0,3.19,597.0,7.1,3.83,910.69,817.0,3.77
2026-05-07 05:45:00+00:00,108.0,2.68,254.0,3.19,597.0,7.1,3.8,910.69,,
2026-05-07 06:00:00+00:00,108.0,2.68,252.0,3.18,597.0,7.1,3.82,910.69,811.0,3.76
2026-05-07 06:15:00+00:00,108.0,2.68,252.0,3.18,597.0,7.1,3.8,910.69,,
2026-05-07 06:30:00+00:00,108.0,2.68,252.0,3.18,591.0,7.09,3.81,910.69,806.0,3.75
2026-05-07 06:45:00+00:00,108.0,2.68,252.0,3.18,591.0,7.09,3.8,910.68,,
2026-05-07 07:00:00+00:00,108.0,2.68,252.0,3.18,591.0,7.09,3.8,910.68,801.0,3.74
2026-05-07 07:15:00+00:00,108.0,2.68,252.0,3.18,591.0,7.09,3.8,910.68,,
2026-05-07 07:30:00+00:00,108.0,2.68,252.0,3.18,591.0,7.09,3.8,910.68,801.0,3.74
2026-05-07 07:45:00+00:00,107.0,2.67,252.0,3.18,585.0,7.08,3.8,910.68,,
2026-05-07 08:00:00+00:00,108.0,2.68,252.0,3.18,585.0,7.08,3.8,910.67,801.0,3.74
2026-05-07 08:15:00+00:00,107.0,2.67,250.0,3.17,585.0,7.08,3.79,910.67,,
2026-05-07 08:30:00+00:00,107.0,2.67,250.0,3.17,585.0,7.08,3.79,910.67,796.0,3.73
2026-05-07 08:45:00+00:00,108.0,2.68,250.0,3.17,580.0,7.07,3.79,910.67,,
2026-05-07 09:00:00+00:00,107.0,2.67,247.0,3.16,580.0,7.07,3.78,910.67,791.0,3.72
2026-05-07 09:15:00+00:00,108.0,2.68,247.0,3.16,580.0,7.07,3.77,910.67,,
2026-05-07 09:30:00+00:00,107.0,2.67,247.0,3.16,580.0,7.07,3.78,910.67,791.0,3.72
2026-05-07 09:45:00+00:00,107.0,2.67,247.0,3.16,574.0,7.06,3.77,910.66,,
2026-05-07 10:00:00+00:00,107.0,2.67,247.0,3.16,574.0,7.06,3.76,910.66,786.0,3.71
2026-05-07 10:15:00+00:00,107.0,2.67,245.0,3.15,574.0,7.06,3.77,910.66,,
2026-05-07 10:30:00+00:00,107.0,2.67,245.0,3.15,580.0,7.07,3.76,910.66,781.0,3.7
2026-05-07 10:45:00+00:00,107.0,2.67,242.0,3.14,574.0,7.06,3.76,910.66,,
2026-05-07 11:00:00+00:00,107.0,2.67,242.0,3.14,574.0,7.06,3.75,910.66,781.0,3.7
2026-05-07 11:15:00+00:00,107.0,2.67,240.0,3.13,574.0,7.06,3.75,910.66,,
2026-05-07 11:30:00+00:00,107.0,2.67,238.0,3.12,574.0,7.06,3.75,910.65,776.0,3.69
2026-05-07 11:45:00+00:00,107.0,2.67,238.0,3.12,574.0,7.06,3.75,910.65,,
2026-05-07 12:00:00+00:00,105.0,2.66,238.0,3.12,574.0,7.06,3.74,910.65,776.0,3.69
2026-05-07 12:15:00+00:00,105.0,2.66,238.0,3.12,569.0,7.05,3.74,910.65,,
2026-05-07 12:30:00+00:00,105.0,2.66,238.0,3.12,569.0,7.05,3.75,910.65,771.0,3.68
2026-05-07 12:45:00+00:00,103.0,2.65,235.0,3.11,564.0,7.04,3.74,910.65,,
2026-05-07 13:00:00+00:00,105.0,2.66,235.0,3.11,569.0,7.05,3.73,910.64,771.0,3.68
2026-05-07 13:15:00+00:00,103.0,2.65,235.0,3.11,564.0,7.04,3.74,910.64,,
2026-05-07 13:30:00+00:00,103.0,2.65,233.0,3.1,564.0,7.04,3.73,910.64,766.0,3.67
2026-05-07 13:45:00+00:00,102.0,2.64,233.0,3.1,564.0,7.04,3.73,910.64,,
2026-05-07 14:00:00+00:00,102.0,2.64,233.0,3.1,564.0,7.04,3.73,910.64,766.0,3.67
2026-05-07 14:15:00+00:00,102.0,2.64,235.0,3.11,564.0,7.04,3.72,910.64,,
2026-05-07 14:30:00+00:00,102.0,2.64,238.0,3.12,558.0,7.03,3.72,910.64,761.0,3.66
2026-05-07 14:45:00+00:00,100.0,2.63,240.0,3.13,558.0,7.03,3.73,910.64,,
2026-05-07 15:00:00+00:00,100.0,2.63,238.0,3.12,558.0,7.03,3.72,910.63,757.0,3.65
2026-05-07 15:15:00+00:00,100.0,2.63,238.0,3.12,564.0,7.04,3.72,910.63,,
2026-05-07 15:30:00+00:00,98.6,2.62,238.0,3.12,558.0,7.03,3.72,910.63,752.0,3.64
2026-05-07 15:45:00+00:00,98.6,2.62,238.0,3.12,558.0,7.03,3.72,910.63,,
2026-05-07 16:00:00+00:00,98.6,2.62,238.0,3.12,558.0,7.03,3.72,910.63,747.0,3.63
2026-05-07 16:15:00+00:00,98.6,2.62,238.0,3.12,553.0,7.02,3.71,910.63,,
2026-05-07 16:30:00+00:00,98.6,2.62,238.0,3.12,553.0,7.02,3.71,910.64,747.0,3.63
2026-05-07 16:45:00+00:00,98.6,2.62,238.0,3.12,553.0,7.02,3.71,910.63,,
2026-05-07 17:00:00+00:00,97.0,2.61,238.0,3.12,542.0,7.0,3.71,910.63,732.0,3.6
2026-05-07 17:15:00+00:00,97.0,2.61,238.0,3.12,553.0,7.02,3.71,910.63,,
2026-05-07 17:30:00+00:00,97.0,2.61,238.0,3.12,542.0,7.0,3.7,910.63,732.0,3.6
2026-05-07 17:45:00+00:00,97.0,2.61,240.0,3.13,548.0,7.01,3.7,910.63,,
2026-05-07 18:00:00+00:00,97.0,2.61,240.0,3.13,548.0,7.01,3.71,910.63,737.0,3.61
2026-05-07 18:15:00+00:00,97.0,2.61,240.0,3.13,548.0,7.01,3.69,910.63,,
2026-05-07 18:30:00+00:00,95.5,2.6,240.0,3.13,533.0,6.98,3.7,910.62,737.0,3.61
2026-05-07 18:45:00+00:00,97.0,2.61,240.0,3.13,542.0,7.0,3.69,910.62,,
2026-05-07 19:00:00+00:00,97.0,2.61,240.0,3.13,542.0,7.0,3.69,910.62,732.0,3.6
2026-05-07 19:15:00+00:00,95.5,2.6,240.0,3.13,542.0,7.0,3.67,910.62,,
2026-05-07 19:30:00+00:00,95.5,2.6,238.0,3.12,542.0,7.0,3.69,910.62,728.0,3.59
2026-05-07 19:45:00+00:00,97.0,2.61,240.0,3.13,538.0,6.99,3.67,910.62,,
2026-05-07 20:00:00+00:00,97.0,2.61,240.0,3.13,538.0,6.99,3.67,910.61,728.0,3.59
2026-05-07 20:15:00+00:00,95.5,2.6,240.0,3.13,524.0,6.96,3.67,910.62,,
2026-05-07 20:30:00+00:00,95.5,2.6,240.0,3.13,538.0,6.99,3.67,910.61,718.0,3.57
2026-05-07 20:45:00+00:00,97.0,2.61,238.0,3.12,538.0,6.99,3.66,910.61,,
2026-05-07 21:00:00+00:00,97.0,2.61,238.0,3.12,533.0,6.98,3.65,910.61,718.0,3.57
2026-05-07 21:15:00+00:00,97.0,2.61,238.0,3.12,524.0,6.96,3.66,910.61,,
2026-05-07 21:30:00+00:00,97.0,2.61,238.0,3.12,533.0,6.98,3.66,910.61,718.0,3.57
2026-05-07 21:45:00+00:00,97.0,2.61,238.0,3.12,524.0,6.96,3.65,910.61,,
2026-05-07 22:00:00+00:00,97.0,2.61,238.0,3.12,528.0,6.97,3.64,910.6,718.0,3.57
2026-05-07 22:15:00+00:00,98.6,2.62,235.0,3.11,533.0,6.98,3.66,910.6,,
2026-05-07 22:30:00+00:00,98.6,2.62,235.0,3.11,524.0,6.96,3.65,910.6,713.0,3.56
2026-05-07 22:45:00+00:00,97.0,2.61,235.0,3.11,524.0,6.96,3.63,910.6,,
2026-05-07 23:00:00+00:00,98.6,2.62,235.0,3.11,519.0,6.95,3.65,910.6,709.0,3.55
2026-05-07 23:15:00+00:00,98.6,2.62,235.0,3.11,528.0,6.97,3.65,910.6,,
2026-05-07 23:30:00+00:00,97.0,2.61,235.0,3.11,519.0,6.95,3.64,910.6,709.0,3.55
2026-05-07 23:45:00+00:00,98.6,2.62,235.0,3.11,524.0,6.96,3.63,910.59,,
2026-05-08 00:00:00+00:00,97.0,2.61,233.0,3.1,524.0,6.96,3.66,910.59,709.0,3.55
2026-05-08 00:15:00+00:00,98.6,2.62,233.0,3.1,524.0,6.96,3.65,910.59,,
2026-05-08 00:30:00+00:00,98.6,2.62,233.0,3.1,524.0,6.96,3.64,910.59,704.0,3.54
2026-05-08 00:45:00+00:00,98.6,2.62,233.0,3.1,519.0,6.95,3.62,910.59,,
2026-05-08 01:00:00+00:00,97.0,2.61,233.0,3.1,519.0,6.95,3.63,910.59,704.0,3.54
2026-05-08 01:15:00+00:00,97.0,2.61,233.0,3.1,519.0,6.95,3.62,910.59,,
2026-05-08 01:30:00+00:00,97.0,2.61,231.0,3.09,519.0,6.95,3.61,910.58,704.0,3.54
2026-05-08 01:45:00+00:00,95.5,2.6,229.0,3.08,519.0,6.95,3.62,910.58,,
2026-05-08 02:00:00+00:00,97.0,2.61,229.0,3.08,519.0,6.95,3.61,910.58,699.0,3.53
2026-05-08 02:15:00+00:00,95.5,2.6,226.0,3.07,519.0,6.95,3.6,910.58,,
2026-05-08 02:30:00+00:00,97.0,2.61,226.0,3.07,519.0,6.95,3.61,910.58,699.0,3.53
2026-05-08 02:45:00+00:00,97.0,2.61,226.0,3.07,519.0,6.95,3.61,910.58,,
2026-05-08 03:00:00+00:00,95.5,2.6,226.0,3.07,519.0,6.95,3.6,910.57,699.0,3.53
2026-05-08 03:15:00+00:00,95.5,2.6,226.0,3.07,519.0,6.95,3.6,910.57,,
2026-05-08 03:30:00+00:00,95.5,2.6,229.0,3.08,515.0,6.94,3.59,910.57,695.0,3.52
2026-05-08 03:45:00+00:00,95.5,2.6,229.0,3.08,515.0,6.94,3.6,910.57,,
2026-05-08 04:00:00+00:00,95.5,2.6,231.0,3.09,515.0,6.94,3.6,910.57,695.0,3.52
2026-05-08 04:15:00+00:00,93.9,2.59,229.0,3.08,515.0,6.94,3.6,910.57,,
2026-05-08 04:30:00+00:00,93.9,2.59,229.0,3.08,515.0,6.94,3.59,910.57,695.0,3.52
2026-05-08 04:45:00+00:00,93.9,2.59,226.0,3.07,515.0,6.94,3.59,910.57,,
2026-05-08 05:00:00+00:00,93.9,2.59,229.0,3.08,515.0,6.94,3.58,910.56,690.0,3.51
2026-05-08 05:15:00+00:00,93.9,2.59,229.0,3.08,515.0,6.94,3.58,910.56,,
2026-05-08 05:30:00+00:00,93.9,2.59,229.0,3.08,510.0,6.93,3.58,910.56,690.0,3.51
2026-05-08 05:45:00+00:00,93.9,2.59,229.0,3.08,515.0,6.94,3.57,910.56,,
2026-05-08 06:00:00+00:00,93.9,2.59,226.0,3.07,510.0,6.93,3.58,910.56,690.0,3.51
2026-05-08 06:15:00+00:00,93.9,2.59,226.0,3.07,510.0,6.93,3.55,910.56,,
2026-05-08 06:30:00+00:00,93.9,2.59,226.0,3.07,510.0,6.93,3.57,910.56,690.0,3.51
2026-05-08 06:45:00+00:00,93.9,2.59,226.0,3.07,510.0,6.93,3.57,910.56,,
2026-05-08 07:00:00+00:00,93.9,2.59,226.0,3.07,510.0,6.93,3.57,910.56,685.0,3.5
2026-05-08 07:15:00+00:00,92.4,2.58,224.0,3.06,510.0,6.93,3.56,910.55,,
2026-05-08 07:30:00+00:00,93.9,2.59,224.0,3.06,510.0,6.93,3.56,910.56,685.0,3.5
2026-05-08 07:45:00+00:00,92.4,2.58,224.0,3.06,510.0,6.93,3.56,910.55,,
2026-05-08 08:00:00+00:00,93.9,2.59,224.0,3.06,510.0,6.93,3.56,910.55,685.0,3.5
2026-05-08 08:15:00+00:00,92.4,2.58,224.0,3.06,510.0,6.93,3.57,910.55,,
2026-05-08 08:30:00+00:00,93.9,2.59,224.0,3.06,510.0,6.93,3.56,910.55,681.0,3.49
2026-05-08 08:45:00+00:00,93.9,2.59,224.0,3.06,506.0,6.92,3.55,910.55,,
2026-05-08 09:00:00+00:00,92.4,2.58,224.0,3.06,506.0,6.92,3.55,910.55,681.0,3.49
2026-05-08 09:15:00+00:00,92.4,2.58,224.0,3.06,506.0,6.92,3.55,910.55,,
2026-05-08 09:30:00+00:00,92.4,2.58,222.0,3.05,506.0,6.92,3.56,910.55,681.0,3.49
2026-05-08 09:45:00+00:00,92.4,2.58,222.0,3.05,506.0,6.92,3.55,910.55,,
2026-05-08 10:00:00+00:00,92.4,2.58,220.0,3.04,506.0,6.92,3.54,910.55,676.0,3.48
2026-05-08 10:15:00+00:00,92.4,2.58,220.0,3.04,506.0,6.92,3.55,910.54,,
2026-05-08 10:30:00+00:00,92.4,2.58,217.0,3.03,506.0,6.92,3.56,910.55,676.0,3.48
2026-05-08 10:45:00+00:00,92.4,2.58,217.0,3.03,506.0,6.92,3.55,910.54,,
2026-05-08 11:00:00+00:00,92.4,2.58,215.0,3.02,506.0,6.92,3.55,910.54,676.0,3.48
2026-05-08 11:15:00+00:00,92.4,2.58,215.0,3.02,506.0,6.92,3.56,910.54,,
2026-05-08 11:30:00+00:00,92.4,2.58,215.0,3.02,506.0,6.92,3.55,910.54,676.0,3.48
2026-05-08 11:45:00+00:00,92.4,2.58,215.0,3.02,501.0,6.91,3.55,910.54,,
2026-05-08 12:00:00+00:00,92.4,2.58,215.0,3.02,501.0,6.91,3.56,910.54,672.0,3.47
2026-05-08 12:15:00+00:00,90.9,2.57,215.0,3.02,501.0,6.91,3.54,910.54,,
2026-05-08 12:30:00+00:00,90.9,2.57,213.0,3.01,501.0,6.91,3.53,910.54,672.0,3.47
2026-05-08 12:45:00+00:00,90.9,2.57,213.0,3.01,501.0,6.91,3.54,910.54,,
2026-05-08 13:00:00+00:00,90.9,2.57,211.0,3.0,501.0,6.91,3.53,910.54,672.0,3.47
2026-05-08 13:15:00+00:00,90.9,2.57,211.0,3.0,501.0,6.91,3.54,910.54,,
2026-05-08 13:30:00+00:00,90.9,2.57,211.0,3.0,501.0,6.91,3.53,910.54,672.0,3.47
2026-05-08 13:45:00+00:00,90.9,2.57,208.0,2.99,501.0,6.91,3.53,910.54,,
2026-05-08 14:00:00+00:00,89.4,2.56,211.0,3.0,488.0,6.88,3.53,910.54,672.0,3.47
2026-05-08 14:15:00+00:00,89.4,2.56,211.0,3.0,488.0,6.88,3.54,910.54,,
2026-05-08 14:30:00+00:00,89.4,2.56,208.0,2.99,497.0,6.9,3.53,910.54,667.0,3.46
2026-05-08 14:45:00+00:00,89.4,2.56,208.0,2.99,484.0,6.87,3.54,910.54,,
2026-05-08 15:00:00+00:00,87.9,2.55,208.0,2.99,484.0,6.87,3.54,910.54,667.0,3.46
2026-05-08 15:15:00+00:00,87.9,2.55,208.0,2.99,484.0,6.87,3.53,910.53,,
2026-05-08 15:30:00+00:00,87.9,2.55,208.0,2.99,484.0,6.87,3.53,910.54,663.0,3.45
2026-05-08 15:45:00+00:00,87.9,2.55,208.0,2.99,492.0,6.89,3.53,910.54,,
2026-05-08 16:00:00+00:00,87.9,2.55,208.0,2.99,488.0,6.88,3.54,910.54,663.0,3.45
2026-05-08 16:15:00+00:00,87.9,2.55,208.0,2.99,484.0,6.87,3.54,910.54,,
2026-05-08 16:30:00+00:00,87.9,2.55,208.0,2.99,484.0,6.87,3.52,910.54,649.0,3.42
2026-05-08 16:45:00+00:00,86.5,2.54,208.0,2.99,488.0,6.88,3.53,910.54,,
2026-05-08 17:00:00+00:00,86.5,2.54,208.0,2.99,492.0,6.89,3.54,910.54,658.0,3.44
2026-05-08 17:15:00+00:00,86.5,2.54,208.0,2.99,484.0,6.87,3.55,910.53,,
2026-05-08 17:30:00+00:00,85.0,2.53,208.0,2.99,492.0,6.89,3.55,910.53,658.0,3.44
2026-05-08 17:45:00+00:00,85.0,2.53,211.0,3.0,488.0,6.88,3.54,910.54,,
2026-05-08 18:00:00+00:00,85.0,2.53,213.0,3.01,484.0,6.87,3.53,910.54,654.0,3.43
2026-05-08 18:15:00+00:00,85.0,2.53,213.0,3.01,484.0,6.87,3.53,910.54,,
2026-05-08 18:30:00+00:00,85.0,2.53,215.0,3.02,484.0,6.87,3.55,910.53,654.0,3.43
2026-05-08 18:45:00+00:00,85.0,2.53,217.0,3.03,488.0,6.88,3.52,910.53,,
2026-05-08 19:00:00+00:00,83.6,2.52,217.0,3.03,488.0,6.88,3.53,910.53,649.0,3.42
2026-05-08 19:15:00+00:00,85.0,2.53,217.0,3.03,484.0,6.87,3.54,910.53,,
2026-05-08 19:30:00+00:00,85.0,2.53,217.0,3.03,479.0,6.86,3.52,910.53,649.0,3.42
2026-05-08 19:45:00+00:00,85.0,2.53,217.0,3.03,484.0,6.87,3.52,910.53,,
2026-05-08 20:00:00+00:00,83.6,2.52,215.0,3.02,475.0,6.85,3.54,910.53,645.0,3.41
2026-05-08 20:15:00+00:00,85.0,2.53,215.0,3.02,488.0,6.88,3.52,910.53,,
2026-05-08 20:30:00+00:00,85.0,2.53,215.0,3.02,475.0,6.85,3.52,910.52,645.0,3.41
2026-05-08 20:45:00+00:00,85.0,2.53,213.0,3.01,475.0,6.85,3.51,910.53,,
2026-05-08 21:00:00+00:00,85.0,2.53,215.0,3.02,475.0,6.85,3.52,910.53,645.0,3.41
2026-05-08 21:15:00+00:00,85.0,2.53,213.0,3.01,479.0,6.86,3.51,910.52,,
2026-05-08 21:30:00+00:00,86.5,2.54,213.0,3.01,479.0,6.86,3.51,910.52,640.0,3.4
2026-05-08 21:45:00+00:00,85.0,2.53,213.0,3.01,479.0,6.86,3.52,910.52,,
2026-05-08 22:00:00+00:00,85.0,2.53,213.0,3.01,471.0,6.84,3.51,910.52,640.0,3.4
2026-05-08 22:15:00+00:00,86.5,2.54,213.0,3.01,479.0,6.86,3.52,910.52,,
2026-05-08 22:30:00+00:00,86.5,2.54,213.0,3.01,479.0,6.86,3.52,910.52,640.0,3.4
2026-05-08 22:45:00+00:00,86.5,2.54,213.0,3.01,475.0,6.85,3.52,910.52,,
2026-05-08 23:00:00+00:00,86.5,2.54,211.0,3.0,475.0,6.85,3.51,910.52,636.0,3.39
2026-05-08 23:15:00+00:00,86.5,2.54,211.0,3.0,475.0,6.85,3.52,910.52,,
2026-05-08 23:30:00+00:00,86.5,2.54,211.0,3.0,475.0,6.85,3.51,910.51,636.0,3.39
2026-05-08 23:45:00+00:00,87.9,2.55,211.0,3.0,475.0,6.85,3.5,910.51,,
2026-05-09 00:00:00+00:00,87.9,2.55,211.0,3.0,475.0,6.85,3.51,910.51,636.0,3.39
2026-05-09 00:15:00+00:00,87.9,2.55,211.0,3.0,471.0,6.84,3.49,910.51,,
2026-05-09 00:30:00+00:00,87.9,2.55,211.0,3.0,471.0,6.84,3.49,910.51,632.0,3.38
2026-05-09 00:45:00+00:00,86.5,2.54,211.0,3.0,471.0,6.84,3.49,910.51,,
2026-05-09 01:00:00+00:00,86.5,2.54,211.0,3.0,471.0,6.84,3.49,910.51,636.0,3.39
2026-05-09 01:15:00+00:00,86.5,2.54,211.0,3.0,471.0,6.84,3.48,910.51,,
2026-05-09 01:30:00+00:00,87.9,2.55,211.0,3.0,466.0,6.83,3.49,910.53,627.0,3.37
2026-05-09 01:45:00+00:00,86.5,2.54,211.0,3.0,462.0,6.82,3.47,910.52,,
2026-05-09 02:00:00+00:00,87.9,2.55,211.0,3.0,471.0,6.84,3.47,910.51,645.0,3.41
2026-05-09 02:15:00+00:00,87.9,2.55,211.0,3.0,471.0,6.84,3.47,910.51,,
2026-05-09 02:30:00+00:00,87.9,2.55,211.0,3.0,471.0,6.84,3.48,910.51,640.0,3.4
2026-05-09 02:45:00+00:00,87.9,2.55,211.0,3.0,471.0,6.84,3.49,910.51,,
2026-05-09 03:00:00+00:00,87.9,2.55,211.0,3.0,471.0,6.84,3.47,910.51,640.0,3.4
2026-05-09 03:15:00+00:00,87.9,2.55,211.0,3.0,471.0,6.84,3.47,910.5,,
2026-05-09 03:30:00+00:00,87.9,2.55,211.0,3.0,471.0,6.84,3.48,910.5,636.0,3.39
2026-05-09 03:45:00+00:00,87.9,2.55,213.0,3.01,471.0,6.84,3.48,910.5,,
2026-05-09 04:00:00+00:00,87.9,2.55,213.0,3.01,471.0,6.84,3.47,910.49,632.0,3.38
2026-05-09 04:15:00+00:00,87.9,2.55,213.0,3.01,471.0,6.84,3.47,910.5,,
2026-05-09 04:30:00+00:00,87.9,2.55,211.0,3.0,471.0,6.84,3.46,910.49,632.0,3.38
2026-05-09 04:45:00+00:00,87.9,2.55,211.0,3.0,471.0,6.84,3.47,910.49,,
2026-05-09 05:00:00+00:00,87.9,2.55,211.0,3.0,471.0,6.84,3.47,910.49,627.0,3.37
2026-05-09 05:15:00+00:00,87.9,2.55,211.0,3.0,471.0,6.84,3.46,910.49,,
2026-05-09 05:30:00+00:00,86.5,2.54,211.0,3.0,471.0,6.84,3.47,910.49,627.0,3.37
2026-05-09 05:45:00+00:00,86.5,2.54,208.0,2.99,471.0,6.84,3.47,910.49,,
2026-05-09 06:00:00+00:00,86.5,2.54,208.0,2.99,471.0,6.84,3.46,910.49,627.0,3.37
2026-05-09 06:15:00+00:00,86.5,2.54,208.0,2.99,471.0,6.84,3.47,910.49,,
2026-05-09 06:30:00+00:00,86.5,2.54,208.0,2.99,471.0,6.84,3.46,910.49,623.0,3.36
2026-05-09 06:45:00+00:00,86.5,2.54,208.0,2.99,471.0,6.84,3.47,910.49,,
2026-05-09 07:00:00+00:00,86.5,2.54,208.0,2.99,471.0,6.84,3.47,910.49,623.0,3.36
2026-05-09 07:15:00+00:00,86.5,2.54,206.0,2.98,471.0,6.84,3.45,910.49,,
2026-05-09 07:30:00+00:00,86.5,2.54,206.0,2.98,471.0,6.84,3.47,910.49,623.0,3.36
2026-05-09 07:45:00+00:00,86.5,2.54,208.0,2.99,471.0,6.84,3.47,910.49,,
2026-05-09 08:00:00+00:00,85.0,2.53,208.0,2.99,471.0,6.84,3.47,910.49,623.0,3.36
2026-05-09 08:15:00+00:00,86.5,2.54,208.0,2.99,471.0,6.84,3.46,910.49,,
2026-05-09 08:30:00+00:00,86.5,2.54,208.0,2.99,466.0,6.83,3.47,910.48,623.0,3.36
2026-05-09 08:45:00+00:00,86.5,2.54,208.0,2.99,466.0,6.83,3.47,910.49,,
2026-05-09 09:00:00+00:00,86.5,2.54,206.0,2.98,466.0,6.83,3.48,910.48,623.0,3.36
2026-05-09 09:15:00+00:00,86.5,2.54,206.0,2.98,466.0,6.83,3.47,910.49,,
2026-05-09 09:30:00+00:00,86.5,2.54,206.0,2.98,471.0,6.84,3.47,910.48,623.0,3.36
2026-05-09 09:45:00+00:00,86.5,2.54,206.0,2.98,466.0,6.83,3.47,910.48,,
2026-05-09 10:00:00+00:00,86.5,2.54,204.0,2.97,466.0,6.83,3.47,910.48,623.0,3.36
2026-05-09 10:15:00+00:00,86.5,2.54,202.0,2.96,471.0,6.84,3.45,910.48,,
2026-05-09 10:30:00+00:00,86.5,2.54,202.0,2.96,471.0,6.84,3.46,910.48,619.0,3.35
2026-05-09 10:45:00+00:00,86.5,2.54,202.0,2.96,466.0,6.83,3.46,910.48,,
2026-05-09 11:00:00+00:00,86.5,2.54,202.0,2.96,466.0,6.83,3.46,910.48,619.0,3.35
2026-05-09 11:15:00+00:00,86.5,2.54,202.0,2.96,471.0,6.84,3.46,910.48,,
2026-05-09 11:30:00+00:00,86.5,2.54,204.0,2.97,466.0,6.83,3.46,910.48,619.0,3.35
2026-05-09 11:45:00+00:00,86.5,2.54,204.0,2.97,466.0,6.83,3.47,910.48,,
2026-05-09 12:00:00+00:00,86.5,2.54,202.0,2.96,466.0,6.83,3.46,910.48,623.0,3.36
2026-05-09 12:15:00+00:00,86.5,2.54,202.0,2.96,466.0,6.83,3.46,910.48,,
2026-05-09 12:30:00+00:00,86.5,2.54,200.0,2.95,466.0,6.83,3.45,910.48,623.0,3.36
2026-05-09 12:45:00+00:00,86.5,2.54,198.0,2.94,466.0,6.83,3.47,910.48,,
2026-05-09 13:00:00+00:00,85.0,2.53,198.0,2.94,466.0,6.83,3.46,910.49,623.0,3.36
2026-05-09 13:15:00+00:00,86.5,2.54,198.0,2.94,466.0,6.83,3.46,910.49,,
2026-05-09 13:30:00+00:00,86.5,2.54,198.0,2.94,466.0,6.83,3.46,910.49,623.0,3.36
2026-05-09 13:45:00+00:00,85.0,2.53,198.0,2.94,466.0,6.83,3.46,,,
2026-05-09 14:00:00+00:00,85.0,2.53,198.0,2.94,466.0,6.83,3.46,,,
2026-05-09 14:15:00+00:00,,,,,,,3.46,,,
=======
2026-04-09 15:15:00+00:00,103.0,2.74,128.0,2.79,368.0,6.58,3.46,910.53,,
2026-04-09 15:30:00+00:00,103.0,2.74,128.0,2.79,375.0,6.6,3.45,910.53,593.0,3.29
2026-04-09 15:45:00+00:00,103.0,2.74,128.0,2.79,371.0,6.59,3.44,910.53,,
2026-04-09 16:00:00+00:00,103.0,2.74,130.0,2.8,368.0,6.58,3.45,910.52,589.0,3.28
2026-04-09 16:15:00+00:00,102.0,2.73,130.0,2.8,375.0,6.6,3.45,910.53,,
2026-04-09 16:30:00+00:00,100.0,2.72,130.0,2.8,371.0,6.59,3.44,910.5,585.0,3.27
2026-04-09 16:45:00+00:00,102.0,2.73,130.0,2.8,364.0,6.57,3.45,910.48,,
2026-04-09 17:00:00+00:00,100.0,2.72,128.0,2.79,368.0,6.58,3.45,910.47,614.0,3.34
2026-04-09 17:15:00+00:00,103.0,2.74,130.0,2.8,368.0,6.58,3.45,910.44,,
2026-04-09 17:30:00+00:00,100.0,2.72,130.0,2.8,368.0,6.58,3.45,910.44,601.0,3.31
2026-04-09 17:45:00+00:00,100.0,2.72,130.0,2.8,364.0,6.57,3.43,910.44,,
2026-04-09 18:00:00+00:00,100.0,2.72,132.0,2.81,360.0,6.56,3.43,910.43,593.0,3.29
2026-04-09 18:15:00+00:00,100.0,2.72,130.0,2.8,364.0,6.57,3.44,910.44,,
2026-04-09 18:30:00+00:00,100.0,2.72,130.0,2.8,364.0,6.57,3.44,910.43,580.0,3.26
2026-04-09 18:45:00+00:00,100.0,2.72,130.0,2.8,364.0,6.57,3.43,910.42,,
2026-04-09 19:00:00+00:00,100.0,2.72,130.0,2.8,364.0,6.57,3.43,910.42,580.0,3.26
2026-04-09 19:15:00+00:00,98.6,2.71,132.0,2.81,364.0,6.57,3.43,910.42,,
2026-04-09 19:30:00+00:00,98.6,2.71,133.0,2.82,364.0,6.57,3.43,910.42,580.0,3.26
2026-04-09 19:45:00+00:00,98.6,2.71,133.0,2.82,360.0,6.56,3.43,910.41,,
2026-04-09 20:00:00+00:00,100.0,2.72,133.0,2.82,368.0,6.58,3.42,910.42,564.0,3.22
2026-04-09 20:15:00+00:00,98.6,2.71,135.0,2.83,364.0,6.57,3.42,910.41,,
2026-04-09 20:30:00+00:00,98.6,2.71,133.0,2.82,360.0,6.56,3.42,910.42,585.0,3.27
2026-04-09 20:45:00+00:00,100.0,2.72,133.0,2.82,364.0,6.57,3.43,910.42,,
2026-04-09 21:00:00+00:00,100.0,2.72,133.0,2.82,364.0,6.57,3.42,910.41,576.0,3.25
2026-04-09 21:15:00+00:00,98.6,2.71,133.0,2.82,364.0,6.57,3.42,910.42,,
2026-04-09 21:30:00+00:00,100.0,2.72,133.0,2.82,364.0,6.57,3.42,910.41,576.0,3.25
2026-04-09 21:45:00+00:00,100.0,2.72,133.0,2.82,357.0,6.55,3.41,910.41,,
2026-04-09 22:00:00+00:00,102.0,2.73,133.0,2.82,360.0,6.56,3.4,910.41,580.0,3.26
2026-04-09 22:15:00+00:00,100.0,2.72,132.0,2.81,357.0,6.55,3.41,910.41,,
2026-04-09 22:30:00+00:00,102.0,2.73,132.0,2.81,357.0,6.55,3.41,910.41,568.0,3.23
2026-04-09 22:45:00+00:00,100.0,2.72,132.0,2.81,360.0,6.56,3.41,910.41,,
2026-04-09 23:00:00+00:00,100.0,2.72,130.0,2.8,353.0,6.54,3.4,910.41,572.0,3.24
2026-04-09 23:15:00+00:00,102.0,2.73,130.0,2.8,357.0,6.55,3.4,910.4,,
2026-04-09 23:30:00+00:00,102.0,2.73,132.0,2.81,357.0,6.55,3.4,910.4,576.0,3.25
2026-04-09 23:45:00+00:00,98.6,2.71,132.0,2.81,357.0,6.55,3.39,910.4,,
2026-04-10 00:00:00+00:00,100.0,2.72,132.0,2.81,353.0,6.54,3.4,910.4,576.0,3.25
2026-04-10 00:15:00+00:00,100.0,2.72,132.0,2.81,353.0,6.54,3.4,910.39,,
2026-04-10 00:30:00+00:00,100.0,2.72,132.0,2.81,353.0,6.54,3.38,910.4,572.0,3.24
2026-04-10 00:45:00+00:00,100.0,2.72,130.0,2.8,353.0,6.54,3.38,910.39,,
2026-04-10 01:00:00+00:00,100.0,2.72,130.0,2.8,353.0,6.54,3.38,910.39,572.0,3.24
2026-04-10 01:15:00+00:00,100.0,2.72,130.0,2.8,353.0,6.54,3.38,910.39,,
2026-04-10 01:30:00+00:00,100.0,2.72,128.0,2.79,353.0,6.54,3.37,910.39,572.0,3.24
2026-04-10 01:45:00+00:00,100.0,2.72,128.0,2.79,350.0,6.53,3.36,910.39,,
2026-04-10 02:00:00+00:00,98.6,2.71,128.0,2.79,350.0,6.53,3.37,910.39,572.0,3.24
2026-04-10 02:15:00+00:00,98.6,2.71,128.0,2.79,350.0,6.53,3.37,910.39,,
2026-04-10 02:30:00+00:00,100.0,2.72,130.0,2.8,350.0,6.53,3.36,910.39,568.0,3.23
2026-04-10 02:45:00+00:00,100.0,2.72,130.0,2.8,350.0,6.53,3.36,910.38,,
2026-04-10 03:00:00+00:00,98.6,2.71,130.0,2.8,350.0,6.53,3.35,910.38,564.0,3.22
2026-04-10 03:15:00+00:00,98.6,2.71,128.0,2.79,350.0,6.53,3.36,910.38,,
2026-04-10 03:30:00+00:00,98.6,2.71,130.0,2.8,350.0,6.53,3.36,910.38,564.0,3.22
2026-04-10 03:45:00+00:00,97.0,2.7,130.0,2.8,350.0,6.53,3.34,910.38,,
2026-04-10 04:00:00+00:00,97.0,2.7,130.0,2.8,350.0,6.53,3.35,910.38,564.0,3.22
2026-04-10 04:15:00+00:00,98.6,2.71,130.0,2.8,350.0,6.53,3.35,910.38,,
2026-04-10 04:30:00+00:00,97.0,2.7,128.0,2.79,350.0,6.53,3.35,910.38,560.0,3.21
2026-04-10 04:45:00+00:00,97.0,2.7,128.0,2.79,350.0,6.53,3.35,910.37,,
2026-04-10 05:00:00+00:00,98.6,2.71,128.0,2.79,350.0,6.53,3.35,910.37,560.0,3.21
2026-04-10 05:15:00+00:00,97.0,2.7,128.0,2.79,350.0,6.53,3.35,910.37,,
2026-04-10 05:30:00+00:00,98.6,2.71,128.0,2.79,350.0,6.53,3.35,910.37,556.0,3.2
2026-04-10 05:45:00+00:00,97.0,2.7,128.0,2.79,346.0,6.52,3.35,910.37,,
2026-04-10 06:00:00+00:00,97.0,2.7,128.0,2.79,350.0,6.53,3.34,910.37,556.0,3.2
2026-04-10 06:15:00+00:00,95.5,2.69,128.0,2.79,350.0,6.53,3.35,910.37,,
2026-04-10 06:30:00+00:00,97.0,2.7,128.0,2.79,346.0,6.52,3.34,910.37,556.0,3.2
2026-04-10 06:45:00+00:00,97.0,2.7,128.0,2.79,350.0,6.53,3.35,910.37,,
2026-04-10 07:00:00+00:00,95.5,2.69,128.0,2.79,346.0,6.52,3.35,910.36,556.0,3.2
2026-04-10 07:15:00+00:00,97.0,2.7,128.0,2.79,346.0,6.52,3.34,910.36,,
2026-04-10 07:30:00+00:00,95.5,2.69,128.0,2.79,346.0,6.52,3.34,910.36,556.0,3.2
2026-04-10 07:45:00+00:00,97.0,2.7,128.0,2.79,346.0,6.52,3.34,910.36,,
2026-04-10 08:00:00+00:00,97.0,2.7,128.0,2.79,346.0,6.52,3.34,910.36,552.0,3.19
2026-04-10 08:15:00+00:00,95.5,2.69,128.0,2.79,346.0,6.52,3.34,910.36,,
2026-04-10 08:30:00+00:00,95.5,2.69,128.0,2.79,346.0,6.52,3.34,910.36,552.0,3.19
2026-04-10 08:45:00+00:00,95.5,2.69,128.0,2.79,346.0,6.52,3.34,910.36,,
2026-04-10 09:00:00+00:00,95.5,2.69,128.0,2.79,346.0,6.52,3.34,910.36,552.0,3.19
2026-04-10 09:15:00+00:00,97.0,2.7,127.0,2.78,346.0,6.52,3.34,910.36,,
2026-04-10 09:30:00+00:00,95.5,2.69,127.0,2.78,346.0,6.52,3.33,910.36,552.0,3.19
2026-04-10 09:45:00+00:00,95.5,2.69,127.0,2.78,346.0,6.52,3.32,910.36,,
2026-04-10 10:00:00+00:00,95.5,2.69,125.0,2.77,346.0,6.52,3.33,910.36,552.0,3.19
2026-04-10 10:15:00+00:00,95.5,2.69,123.0,2.76,343.0,6.51,3.34,910.36,,
2026-04-10 10:30:00+00:00,93.9,2.68,123.0,2.76,346.0,6.52,3.33,910.36,548.0,3.18
2026-04-10 10:45:00+00:00,95.5,2.69,123.0,2.76,343.0,6.51,3.33,910.35,,
2026-04-10 11:00:00+00:00,95.5,2.69,123.0,2.76,343.0,6.51,3.34,910.36,548.0,3.18
2026-04-10 11:15:00+00:00,95.5,2.69,125.0,2.77,343.0,6.51,3.33,910.35,,
2026-04-10 11:30:00+00:00,95.5,2.69,123.0,2.76,343.0,6.51,3.33,910.35,548.0,3.18
2026-04-10 11:45:00+00:00,93.9,2.68,123.0,2.76,343.0,6.51,3.33,910.35,,
2026-04-10 12:00:00+00:00,93.9,2.68,123.0,2.76,343.0,6.51,3.33,910.35,548.0,3.18
2026-04-10 12:15:00+00:00,93.9,2.68,121.0,2.75,343.0,6.51,3.32,910.35,,
2026-04-10 12:30:00+00:00,93.9,2.68,121.0,2.75,343.0,6.51,3.33,910.35,548.0,3.18
2026-04-10 12:45:00+00:00,92.4,2.67,120.0,2.74,343.0,6.51,3.33,910.35,,
2026-04-10 13:00:00+00:00,92.4,2.67,118.0,2.73,343.0,6.51,3.33,910.35,548.0,3.18
2026-04-10 13:15:00+00:00,92.4,2.67,118.0,2.73,343.0,6.51,3.33,910.34,,
2026-04-10 13:30:00+00:00,90.9,2.66,118.0,2.73,339.0,6.5,3.32,910.32,560.0,3.21
2026-04-10 13:45:00+00:00,90.9,2.66,120.0,2.74,339.0,6.5,3.32,910.31,,
2026-04-10 14:00:00+00:00,90.9,2.66,120.0,2.74,343.0,6.51,3.33,910.29,560.0,3.21
2026-04-10 14:15:00+00:00,90.9,2.66,120.0,2.74,339.0,6.5,3.33,910.29,,
2026-04-10 14:30:00+00:00,90.9,2.66,120.0,2.74,332.0,6.48,3.32,910.27,560.0,3.21
2026-04-10 14:45:00+00:00,89.4,2.65,120.0,2.74,332.0,6.48,3.33,910.27,,
2026-04-10 15:00:00+00:00,89.4,2.65,120.0,2.74,332.0,6.48,3.32,910.27,556.0,3.2
2026-04-10 15:15:00+00:00,89.4,2.65,120.0,2.74,329.0,6.47,3.32,910.27,,
2026-04-10 15:30:00+00:00,89.4,2.65,120.0,2.74,332.0,6.48,3.32,910.26,552.0,3.19
2026-04-10 15:45:00+00:00,87.9,2.64,121.0,2.75,329.0,6.47,3.31,910.27,,
2026-04-10 16:00:00+00:00,86.5,2.63,121.0,2.75,336.0,6.49,3.33,910.26,548.0,3.18
2026-04-10 16:15:00+00:00,86.5,2.63,121.0,2.75,336.0,6.49,3.33,910.26,,
2026-04-10 16:30:00+00:00,86.5,2.63,121.0,2.75,336.0,6.49,3.32,910.26,544.0,3.17
2026-04-10 16:45:00+00:00,85.0,2.62,121.0,2.75,339.0,6.5,3.31,910.26,,
2026-04-10 17:00:00+00:00,85.0,2.62,121.0,2.75,332.0,6.48,3.32,910.26,540.0,3.16
2026-04-10 17:15:00+00:00,85.0,2.62,123.0,2.76,332.0,6.48,3.32,910.28,,
2026-04-10 17:30:00+00:00,86.5,2.63,123.0,2.76,329.0,6.47,3.32,910.31,516.0,3.1
2026-04-10 17:45:00+00:00,85.0,2.62,123.0,2.76,332.0,6.48,3.31,910.31,,
2026-04-10 18:00:00+00:00,85.0,2.62,123.0,2.76,329.0,6.47,3.31,910.33,512.0,3.09
2026-04-10 18:15:00+00:00,85.0,2.62,125.0,2.77,326.0,6.46,3.31,910.34,,
2026-04-10 18:30:00+00:00,85.0,2.62,123.0,2.76,332.0,6.48,3.32,910.34,516.0,3.1
2026-04-10 18:45:00+00:00,83.6,2.61,123.0,2.76,336.0,6.49,3.31,910.33,,
2026-04-10 19:00:00+00:00,83.6,2.61,121.0,2.75,336.0,6.49,3.31,910.34,520.0,3.11
2026-04-10 19:15:00+00:00,85.0,2.62,121.0,2.75,332.0,6.48,3.3,910.35,,
2026-04-10 19:30:00+00:00,85.0,2.62,121.0,2.75,332.0,6.48,3.31,910.36,512.0,3.09
2026-04-10 19:45:00+00:00,85.0,2.62,121.0,2.75,332.0,6.48,3.31,910.37,,
2026-04-10 20:00:00+00:00,85.0,2.62,123.0,2.76,332.0,6.48,3.3,910.38,520.0,3.11
2026-04-10 20:15:00+00:00,83.6,2.61,123.0,2.76,332.0,6.48,3.3,910.37,,
2026-04-10 20:30:00+00:00,85.0,2.62,123.0,2.76,332.0,6.48,3.3,910.38,520.0,3.11
2026-04-10 20:45:00+00:00,83.6,2.61,123.0,2.76,332.0,6.48,3.3,910.39,,
2026-04-10 21:00:00+00:00,85.0,2.62,123.0,2.76,332.0,6.48,3.3,910.41,520.0,3.11
2026-04-10 21:15:00+00:00,86.5,2.63,123.0,2.76,332.0,6.48,3.3,910.42,,
2026-04-10 21:30:00+00:00,85.0,2.62,125.0,2.77,336.0,6.49,3.29,910.43,516.0,3.1
2026-04-10 21:45:00+00:00,85.0,2.62,125.0,2.77,332.0,6.48,3.29,910.44,,
2026-04-10 22:00:00+00:00,85.0,2.62,125.0,2.77,332.0,6.48,3.3,910.45,486.0,3.02
2026-04-10 22:15:00+00:00,85.0,2.62,127.0,2.78,332.0,6.48,3.3,910.45,,
2026-04-10 22:30:00+00:00,86.5,2.63,127.0,2.78,332.0,6.48,3.3,910.45,524.0,3.12
2026-04-10 22:45:00+00:00,85.0,2.62,127.0,2.78,332.0,6.48,3.3,910.46,,
2026-04-10 23:00:00+00:00,86.5,2.63,127.0,2.78,332.0,6.48,3.3,910.46,524.0,3.12
2026-04-10 23:15:00+00:00,86.5,2.63,127.0,2.78,332.0,6.48,3.3,910.46,,
2026-04-10 23:30:00+00:00,86.5,2.63,125.0,2.77,329.0,6.47,3.31,910.46,532.0,3.14
2026-04-10 23:45:00+00:00,86.5,2.63,125.0,2.77,329.0,6.47,3.3,910.46,,
2026-04-11 00:00:00+00:00,86.5,2.63,125.0,2.77,329.0,6.47,3.31,910.46,536.0,3.15
2026-04-11 00:15:00+00:00,86.5,2.63,125.0,2.77,329.0,6.47,3.3,910.46,,
2026-04-11 00:30:00+00:00,86.5,2.63,125.0,2.77,329.0,6.47,3.3,910.46,536.0,3.15
2026-04-11 00:45:00+00:00,87.9,2.64,125.0,2.77,326.0,6.46,3.29,910.46,,
2026-04-11 01:00:00+00:00,87.9,2.64,125.0,2.77,326.0,6.46,3.3,910.46,516.0,3.1
2026-04-11 01:15:00+00:00,86.5,2.63,125.0,2.77,326.0,6.46,3.3,910.46,,
2026-04-11 01:30:00+00:00,86.5,2.63,125.0,2.77,326.0,6.46,3.3,910.46,528.0,3.13
2026-04-11 01:45:00+00:00,87.9,2.64,125.0,2.77,326.0,6.46,3.3,910.45,,
2026-04-11 02:00:00+00:00,87.9,2.64,125.0,2.77,326.0,6.46,3.29,910.45,536.0,3.15
2026-04-11 02:15:00+00:00,87.9,2.64,125.0,2.77,326.0,6.46,3.3,910.45,,
2026-04-11 02:30:00+00:00,86.5,2.63,125.0,2.77,326.0,6.46,3.29,910.45,532.0,3.14
2026-04-11 02:45:00+00:00,86.5,2.63,125.0,2.77,322.0,6.45,3.29,910.45,,
2026-04-11 03:00:00+00:00,86.5,2.63,125.0,2.77,326.0,6.46,3.29,910.45,532.0,3.14
2026-04-11 03:15:00+00:00,86.5,2.63,125.0,2.77,326.0,6.46,3.29,910.45,,
2026-04-11 03:30:00+00:00,87.9,2.64,125.0,2.77,326.0,6.46,3.28,910.45,532.0,3.14
2026-04-11 03:45:00+00:00,87.9,2.64,125.0,2.77,326.0,6.46,3.29,910.45,,
2026-04-11 04:00:00+00:00,85.0,2.62,125.0,2.77,322.0,6.45,3.28,910.44,532.0,3.14
2026-04-11 04:15:00+00:00,86.5,2.63,127.0,2.78,326.0,6.46,3.28,910.44,,
2026-04-11 04:30:00+00:00,86.5,2.63,127.0,2.78,322.0,6.45,3.28,910.44,528.0,3.13
2026-04-11 04:45:00+00:00,87.9,2.64,127.0,2.78,322.0,6.45,3.28,910.44,,
2026-04-11 05:00:00+00:00,86.5,2.63,125.0,2.77,322.0,6.45,3.28,910.44,528.0,3.13
2026-04-11 05:15:00+00:00,87.9,2.64,125.0,2.77,322.0,6.45,3.28,910.44,,
2026-04-11 05:30:00+00:00,87.9,2.64,125.0,2.77,322.0,6.45,3.28,910.44,528.0,3.13
2026-04-11 05:45:00+00:00,86.5,2.63,125.0,2.77,322.0,6.45,3.26,910.44,,
2026-04-11 06:00:00+00:00,86.5,2.63,123.0,2.76,322.0,6.45,3.27,910.43,524.0,3.12
2026-04-11 06:15:00+00:00,87.9,2.64,123.0,2.76,322.0,6.45,3.27,910.43,,
2026-04-11 06:30:00+00:00,87.9,2.64,121.0,2.75,322.0,6.45,3.26,910.43,524.0,3.12
2026-04-11 06:45:00+00:00,86.5,2.63,123.0,2.76,322.0,6.45,3.27,910.43,,
2026-04-11 07:00:00+00:00,86.5,2.63,123.0,2.76,322.0,6.45,3.26,910.43,524.0,3.12
2026-04-11 07:15:00+00:00,86.5,2.63,121.0,2.75,322.0,6.45,3.26,910.43,,
2026-04-11 07:30:00+00:00,86.5,2.63,123.0,2.76,322.0,6.45,3.26,910.43,520.0,3.11
2026-04-11 07:45:00+00:00,85.0,2.62,121.0,2.75,322.0,6.45,3.27,910.43,,
2026-04-11 08:00:00+00:00,86.5,2.63,121.0,2.75,322.0,6.45,3.26,910.43,520.0,3.11
2026-04-11 08:15:00+00:00,86.5,2.63,121.0,2.75,322.0,6.45,3.26,910.43,,
2026-04-11 08:30:00+00:00,86.5,2.63,121.0,2.75,322.0,6.45,3.26,910.42,520.0,3.11
2026-04-11 08:45:00+00:00,86.5,2.63,121.0,2.75,322.0,6.45,3.26,910.42,,
2026-04-11 09:00:00+00:00,86.5,2.63,120.0,2.74,322.0,6.45,3.26,910.42,516.0,3.1
2026-04-11 09:15:00+00:00,86.5,2.63,120.0,2.74,322.0,6.45,3.26,910.42,,
2026-04-11 09:30:00+00:00,86.5,2.63,120.0,2.74,322.0,6.45,3.26,910.42,516.0,3.1
2026-04-11 09:45:00+00:00,86.5,2.63,120.0,2.74,322.0,6.45,3.27,910.42,,
2026-04-11 10:00:00+00:00,86.5,2.63,120.0,2.74,322.0,6.45,3.27,910.42,516.0,3.1
2026-04-11 10:15:00+00:00,86.5,2.63,120.0,2.74,322.0,6.45,3.26,910.42,,
2026-04-11 10:30:00+00:00,86.5,2.63,120.0,2.74,322.0,6.45,3.25,910.42,516.0,3.1
2026-04-11 10:45:00+00:00,86.5,2.63,118.0,2.73,319.0,6.44,3.26,910.42,,
2026-04-11 11:00:00+00:00,86.5,2.63,116.0,2.72,322.0,6.45,3.25,910.42,516.0,3.1
2026-04-11 11:15:00+00:00,86.5,2.63,116.0,2.72,319.0,6.44,3.26,910.42,,
2026-04-11 11:30:00+00:00,85.0,2.62,118.0,2.73,319.0,6.44,3.24,910.42,516.0,3.1
2026-04-11 11:45:00+00:00,86.5,2.63,118.0,2.73,319.0,6.44,3.26,910.42,,
2026-04-11 12:00:00+00:00,85.0,2.62,118.0,2.73,319.0,6.44,3.26,910.42,512.0,3.09
2026-04-11 12:15:00+00:00,85.0,2.62,118.0,2.73,319.0,6.44,3.25,910.41,,
2026-04-11 12:30:00+00:00,85.0,2.62,116.0,2.72,319.0,6.44,3.26,910.41,512.0,3.09
2026-04-11 12:45:00+00:00,85.0,2.62,115.0,2.71,319.0,6.44,3.25,910.41,,
2026-04-11 13:00:00+00:00,83.6,2.61,115.0,2.71,319.0,6.44,3.27,910.4,512.0,3.09
2026-04-11 13:15:00+00:00,85.0,2.62,113.0,2.7,319.0,6.44,3.25,910.38,,
2026-04-11 13:30:00+00:00,85.0,2.62,113.0,2.7,319.0,6.44,3.26,910.35,540.0,3.16
2026-04-11 13:45:00+00:00,83.6,2.61,113.0,2.7,319.0,6.44,3.25,910.33,,
2026-04-11 14:00:00+00:00,83.6,2.61,115.0,2.71,319.0,6.44,3.25,910.32,540.0,3.16
2026-04-11 14:15:00+00:00,83.6,2.61,115.0,2.71,319.0,6.44,3.25,910.31,,
2026-04-11 14:30:00+00:00,83.6,2.61,113.0,2.7,319.0,6.44,3.25,910.3,532.0,3.14
2026-04-11 14:45:00+00:00,83.6,2.61,113.0,2.7,319.0,6.44,3.25,910.3,,
2026-04-11 15:00:00+00:00,82.2,2.6,113.0,2.7,316.0,6.43,3.24,910.3,524.0,3.12
2026-04-11 15:15:00+00:00,82.2,2.6,112.0,2.69,316.0,6.43,3.25,910.29,,
2026-04-11 15:30:00+00:00,82.2,2.6,113.0,2.7,319.0,6.44,3.25,910.29,516.0,3.1
2026-04-11 15:45:00+00:00,82.2,2.6,113.0,2.7,316.0,6.43,3.24,910.29,,
2026-04-11 16:00:00+00:00,82.2,2.6,113.0,2.7,319.0,6.44,3.26,910.29,512.0,3.09
2026-04-11 16:15:00+00:00,82.2,2.6,113.0,2.7,309.0,6.41,3.25,910.29,,
2026-04-11 16:30:00+00:00,80.8,2.59,113.0,2.7,312.0,6.42,3.25,910.29,509.0,3.08
2026-04-11 16:45:00+00:00,80.8,2.59,113.0,2.7,306.0,6.4,3.24,910.29,,
2026-04-11 17:00:00+00:00,80.8,2.59,113.0,2.7,312.0,6.42,3.25,910.29,505.0,3.07
2026-04-11 17:15:00+00:00,79.4,2.58,112.0,2.69,309.0,6.41,3.24,910.29,,
2026-04-11 17:30:00+00:00,80.8,2.59,112.0,2.69,312.0,6.42,3.25,910.29,505.0,3.07
2026-04-11 17:45:00+00:00,80.8,2.59,112.0,2.69,306.0,6.4,3.25,910.28,,
2026-04-11 18:00:00+00:00,79.4,2.58,112.0,2.69,309.0,6.41,3.24,910.29,505.0,3.07
2026-04-11 18:15:00+00:00,79.4,2.58,113.0,2.7,306.0,6.4,3.24,910.29,,
2026-04-11 18:30:00+00:00,79.4,2.58,113.0,2.7,309.0,6.41,3.24,910.29,505.0,3.07
2026-04-11 18:45:00+00:00,79.4,2.58,113.0,2.7,312.0,6.42,3.24,910.29,,
2026-04-11 19:00:00+00:00,78.0,2.57,115.0,2.71,309.0,6.41,3.23,910.28,497.0,3.05
2026-04-11 19:15:00+00:00,79.4,2.58,115.0,2.71,309.0,6.41,3.24,910.29,,
2026-04-11 19:30:00+00:00,79.4,2.58,115.0,2.71,309.0,6.41,3.24,910.28,497.0,3.05
2026-04-11 19:45:00+00:00,79.4,2.58,115.0,2.71,309.0,6.41,3.24,910.28,,
2026-04-11 20:00:00+00:00,78.0,2.57,115.0,2.71,309.0,6.41,3.23,910.28,497.0,3.05
2026-04-11 20:15:00+00:00,78.0,2.57,115.0,2.71,306.0,6.4,3.23,910.29,,
2026-04-11 20:30:00+00:00,78.0,2.57,116.0,2.72,306.0,6.4,3.23,910.28,497.0,3.05
2026-04-11 20:45:00+00:00,78.0,2.57,116.0,2.72,299.0,6.38,3.24,910.29,,
2026-04-11 21:00:00+00:00,78.0,2.57,116.0,2.72,309.0,6.41,3.23,910.28,497.0,3.05
2026-04-11 21:15:00+00:00,78.0,2.57,116.0,2.72,312.0,6.42,3.24,910.28,,
2026-04-11 21:30:00+00:00,78.0,2.57,118.0,2.73,312.0,6.42,3.23,910.27,501.0,3.06
2026-04-11 21:45:00+00:00,79.4,2.58,118.0,2.73,312.0,6.42,3.23,910.27,,
2026-04-11 22:00:00+00:00,79.4,2.58,120.0,2.74,309.0,6.41,3.23,910.25,505.0,3.07
2026-04-11 22:15:00+00:00,78.0,2.57,120.0,2.74,309.0,6.41,3.23,910.25,,
2026-04-11 22:30:00+00:00,79.4,2.58,120.0,2.74,299.0,6.38,3.22,910.24,501.0,3.06
2026-04-11 22:45:00+00:00,78.0,2.57,120.0,2.74,309.0,6.41,3.23,910.25,,
2026-04-11 23:00:00+00:00,79.4,2.58,120.0,2.74,303.0,6.39,3.22,910.25,497.0,3.05
2026-04-11 23:15:00+00:00,79.4,2.58,120.0,2.74,309.0,6.41,3.23,910.27,,
2026-04-11 23:30:00+00:00,80.8,2.59,120.0,2.74,306.0,6.4,3.22,910.29,475.0,2.99
2026-04-11 23:45:00+00:00,80.8,2.59,121.0,2.75,306.0,6.4,3.22,910.31,,
2026-04-12 00:00:00+00:00,80.8,2.59,121.0,2.75,306.0,6.4,3.23,910.33,464.0,2.96
2026-04-12 00:15:00+00:00,80.8,2.59,121.0,2.75,306.0,6.4,3.22,910.34,,
2026-04-12 00:30:00+00:00,80.8,2.59,123.0,2.76,306.0,6.4,3.22,910.35,467.0,2.97
2026-04-12 00:45:00+00:00,79.4,2.58,121.0,2.75,306.0,6.4,3.21,910.36,,
2026-04-12 01:00:00+00:00,80.8,2.59,121.0,2.75,303.0,6.39,3.21,910.36,471.0,2.98
2026-04-12 01:15:00+00:00,82.2,2.6,121.0,2.75,303.0,6.39,3.21,910.37,,
2026-04-12 01:30:00+00:00,82.2,2.6,120.0,2.74,303.0,6.39,3.21,910.37,478.0,3.0
2026-04-12 01:45:00+00:00,82.2,2.6,120.0,2.74,303.0,6.39,3.21,910.37,,
2026-04-12 02:00:00+00:00,80.8,2.59,118.0,2.73,303.0,6.39,3.2,910.37,482.0,3.01
2026-04-12 02:15:00+00:00,82.2,2.6,116.0,2.72,303.0,6.39,3.2,910.37,,
2026-04-12 02:30:00+00:00,80.8,2.59,118.0,2.73,303.0,6.39,3.2,910.38,486.0,3.02
2026-04-12 02:45:00+00:00,80.8,2.59,116.0,2.72,303.0,6.39,3.2,910.37,,
2026-04-12 03:00:00+00:00,82.2,2.6,116.0,2.72,299.0,6.38,3.19,910.38,486.0,3.02
2026-04-12 03:15:00+00:00,80.8,2.59,116.0,2.72,299.0,6.38,3.2,910.37,,
2026-04-12 03:30:00+00:00,80.8,2.59,116.0,2.72,299.0,6.38,3.2,910.37,486.0,3.02
2026-04-12 03:45:00+00:00,82.2,2.6,116.0,2.72,299.0,6.38,3.2,910.37,,
2026-04-12 04:00:00+00:00,80.8,2.59,116.0,2.72,299.0,6.38,3.19,910.37,486.0,3.02
2026-04-12 04:15:00+00:00,80.8,2.59,116.0,2.72,299.0,6.38,3.19,910.37,,
2026-04-12 04:30:00+00:00,80.8,2.59,116.0,2.72,299.0,6.38,3.19,910.37,486.0,3.02
2026-04-12 04:45:00+00:00,80.8,2.59,116.0,2.72,299.0,6.38,3.19,910.37,,
2026-04-12 05:00:00+00:00,80.8,2.59,116.0,2.72,299.0,6.38,3.19,910.37,486.0,3.02
2026-04-12 05:15:00+00:00,80.8,2.59,115.0,2.71,299.0,6.38,3.18,910.37,,
2026-04-12 05:30:00+00:00,80.8,2.59,115.0,2.71,299.0,6.38,3.19,910.37,486.0,3.02
2026-04-12 05:45:00+00:00,80.8,2.59,115.0,2.71,299.0,6.38,3.19,910.37,,
2026-04-12 06:00:00+00:00,80.8,2.59,115.0,2.71,299.0,6.38,3.17,910.37,486.0,3.02
2026-04-12 06:15:00+00:00,79.4,2.58,115.0,2.71,299.0,6.38,3.18,910.36,,
2026-04-12 06:30:00+00:00,79.4,2.58,113.0,2.7,299.0,6.38,3.19,910.36,486.0,3.02
2026-04-12 06:45:00+00:00,79.4,2.58,113.0,2.7,299.0,6.38,3.18,910.36,,
2026-04-12 07:00:00+00:00,79.4,2.58,113.0,2.7,299.0,6.38,3.19,910.36,486.0,3.02
2026-04-12 07:15:00+00:00,79.4,2.58,113.0,2.7,299.0,6.38,3.18,910.36,,
2026-04-12 07:30:00+00:00,79.4,2.58,113.0,2.7,299.0,6.38,3.18,910.36,486.0,3.02
2026-04-12 07:45:00+00:00,79.4,2.58,113.0,2.7,299.0,6.38,3.18,910.36,,
2026-04-12 08:00:00+00:00,79.4,2.58,112.0,2.69,299.0,6.38,3.18,910.36,482.0,3.01
2026-04-12 08:15:00+00:00,79.4,2.58,112.0,2.69,299.0,6.38,3.18,910.36,,
2026-04-12 08:30:00+00:00,79.4,2.58,112.0,2.69,303.0,6.39,3.18,910.36,482.0,3.01
2026-04-12 08:45:00+00:00,78.0,2.57,112.0,2.69,303.0,6.39,3.18,910.36,,
2026-04-12 09:00:00+00:00,78.0,2.57,112.0,2.69,303.0,6.39,3.19,910.36,482.0,3.01
2026-04-12 09:15:00+00:00,78.0,2.57,112.0,2.69,303.0,6.39,3.19,910.35,,
2026-04-12 09:30:00+00:00,76.6,2.56,112.0,2.69,303.0,6.39,3.17,910.35,482.0,3.01
2026-04-12 09:45:00+00:00,78.0,2.57,112.0,2.69,303.0,6.39,3.18,910.35,,
2026-04-12 10:00:00+00:00,80.8,2.59,112.0,2.69,303.0,6.39,3.18,910.35,482.0,3.01
2026-04-12 10:15:00+00:00,78.0,2.57,112.0,2.69,303.0,6.39,3.18,910.35,,
2026-04-12 10:30:00+00:00,79.4,2.58,110.0,2.68,299.0,6.38,3.19,910.35,482.0,3.01
2026-04-12 10:45:00+00:00,78.0,2.57,110.0,2.68,303.0,6.39,3.19,910.35,,
2026-04-12 11:00:00+00:00,78.0,2.57,110.0,2.68,299.0,6.38,3.18,910.35,482.0,3.01
2026-04-12 11:15:00+00:00,78.0,2.57,110.0,2.68,299.0,6.38,3.18,910.36,,
2026-04-12 11:30:00+00:00,78.0,2.57,110.0,2.68,299.0,6.38,3.19,910.35,482.0,3.01
2026-04-12 11:45:00+00:00,78.0,2.57,110.0,2.68,299.0,6.38,3.18,910.35,,
2026-04-12 12:00:00+00:00,78.0,2.57,110.0,2.68,299.0,6.38,3.19,910.35,482.0,3.01
2026-04-12 12:15:00+00:00,78.0,2.57,110.0,2.68,299.0,6.38,3.19,910.35,,
2026-04-12 12:30:00+00:00,76.6,2.56,108.0,2.67,299.0,6.38,3.19,910.35,482.0,3.01
2026-04-12 12:45:00+00:00,78.0,2.57,107.0,2.66,299.0,6.38,3.19,910.36,,
2026-04-12 13:00:00+00:00,76.6,2.56,107.0,2.66,299.0,6.38,3.18,910.36,482.0,3.01
2026-04-12 13:15:00+00:00,76.6,2.56,105.0,2.65,296.0,6.37,3.19,910.36,,
2026-04-12 13:30:00+00:00,76.6,2.56,107.0,2.66,296.0,6.37,3.19,910.36,486.0,3.02
2026-04-12 13:45:00+00:00,76.6,2.56,107.0,2.66,299.0,6.38,3.18,910.36,,
2026-04-12 14:00:00+00:00,76.6,2.56,107.0,2.66,299.0,6.38,3.18,910.36,486.0,3.02
2026-04-12 14:15:00+00:00,75.2,2.55,107.0,2.66,299.0,6.38,3.18,910.36,,
2026-04-12 14:30:00+00:00,75.2,2.55,107.0,2.66,299.0,6.38,3.18,910.33,497.0,3.05
2026-04-12 14:45:00+00:00,73.9,2.54,105.0,2.65,296.0,6.37,3.18,910.31,,
2026-04-12 15:00:00+00:00,73.9,2.54,105.0,2.65,296.0,6.37,3.18,910.3,512.0,3.09
2026-04-12 15:15:00+00:00,73.9,2.54,104.0,2.64,290.0,6.35,3.18,910.29,,
2026-04-12 15:30:00+00:00,73.9,2.54,104.0,2.64,293.0,6.36,3.18,910.28,509.0,3.08
2026-04-12 15:45:00+00:00,73.9,2.54,105.0,2.65,296.0,6.37,3.18,910.27,,
2026-04-12 16:00:00+00:00,73.9,2.54,105.0,2.65,296.0,6.37,3.18,910.27,505.0,3.07
2026-04-12 16:15:00+00:00,72.6,2.53,105.0,2.65,290.0,6.35,3.18,910.27,,
2026-04-12 16:30:00+00:00,72.6,2.53,105.0,2.65,293.0,6.36,3.18,910.26,482.0,3.01
2026-04-12 16:45:00+00:00,72.6,2.53,104.0,2.64,287.0,6.34,3.19,910.27,,
2026-04-12 17:00:00+00:00,71.2,2.52,104.0,2.64,293.0,6.36,3.17,910.26,493.0,3.04
2026-04-12 17:15:00+00:00,71.2,2.52,104.0,2.64,296.0,6.37,3.17,910.25,,
2026-04-12 17:30:00+00:00,71.2,2.52,104.0,2.64,290.0,6.35,3.18,910.25,490.0,3.03
2026-04-12 17:45:00+00:00,71.2,2.52,104.0,2.64,293.0,6.36,3.18,910.25,,
2026-04-12 18:00:00+00:00,69.9,2.51,104.0,2.64,290.0,6.35,3.17,910.24,486.0,3.02
2026-04-12 18:15:00+00:00,69.9,2.51,104.0,2.64,293.0,6.36,3.17,910.25,,
2026-04-12 18:30:00+00:00,69.9,2.51,104.0,2.64,293.0,6.36,3.17,910.24,467.0,2.97
2026-04-12 18:45:00+00:00,69.9,2.51,104.0,2.64,287.0,6.34,3.18,910.24,,
2026-04-12 19:00:00+00:00,69.9,2.51,102.0,2.63,287.0,6.34,3.17,910.26,464.0,2.96
2026-04-12 19:15:00+00:00,69.9,2.51,104.0,2.64,287.0,6.34,3.17,910.25,,
2026-04-12 19:30:00+00:00,69.9,2.51,104.0,2.64,287.0,6.34,3.17,910.24,482.0,3.01
2026-04-12 19:45:00+00:00,69.9,2.51,105.0,2.65,287.0,6.34,3.17,910.24,,
2026-04-12 20:00:00+00:00,68.6,2.5,105.0,2.65,287.0,6.34,3.18,910.24,478.0,3.0
2026-04-12 20:15:00+00:00,68.6,2.5,105.0,2.65,284.0,6.33,3.16,910.24,,
2026-04-12 20:30:00+00:00,68.6,2.5,105.0,2.65,284.0,6.33,3.17,910.24,475.0,2.99
2026-04-12 20:45:00+00:00,68.6,2.5,105.0,2.65,284.0,6.33,3.17,910.25,,
2026-04-12 21:00:00+00:00,68.6,2.5,105.0,2.65,284.0,6.33,3.17,910.24,467.0,2.97
2026-04-12 21:15:00+00:00,68.6,2.5,107.0,2.66,281.0,6.32,3.17,910.24,,
2026-04-12 21:30:00+00:00,68.6,2.5,107.0,2.66,281.0,6.32,3.17,910.24,475.0,2.99
2026-04-12 21:45:00+00:00,68.6,2.5,107.0,2.66,284.0,6.33,3.17,910.23,,
2026-04-12 22:00:00+00:00,68.6,2.5,108.0,2.67,287.0,6.34,3.17,910.25,464.0,2.96
2026-04-12 22:15:00+00:00,68.6,2.5,108.0,2.67,284.0,6.33,3.16,910.24,,
2026-04-12 22:30:00+00:00,69.9,2.51,110.0,2.68,281.0,6.32,3.17,910.24,460.0,2.95
2026-04-12 22:45:00+00:00,69.9,2.51,110.0,2.68,281.0,6.32,3.16,910.24,,
2026-04-12 23:00:00+00:00,69.9,2.51,112.0,2.69,281.0,6.32,3.16,910.24,460.0,2.95
2026-04-12 23:15:00+00:00,69.9,2.51,112.0,2.69,281.0,6.32,3.15,910.23,,
2026-04-12 23:30:00+00:00,69.9,2.51,112.0,2.69,278.0,6.31,3.15,910.25,457.0,2.94
2026-04-12 23:45:00+00:00,69.9,2.51,113.0,2.7,281.0,6.32,3.15,910.25,,
2026-04-13 00:00:00+00:00,69.9,2.51,113.0,2.7,281.0,6.32,3.15,910.28,439.0,2.89
2026-04-13 00:15:00+00:00,69.9,2.51,113.0,2.7,274.0,6.3,3.16,910.28,,
2026-04-13 00:30:00+00:00,71.2,2.52,113.0,2.7,274.0,6.3,3.15,910.29,449.0,2.92
2026-04-13 00:45:00+00:00,71.2,2.52,113.0,2.7,278.0,6.31,3.14,910.3,,
2026-04-13 01:00:00+00:00,72.6,2.53,113.0,2.7,281.0,6.32,3.14,910.3,453.0,2.93
2026-04-13 01:15:00+00:00,71.2,2.52,113.0,2.7,274.0,6.3,3.15,910.31,,
2026-04-13 01:30:00+00:00,71.2,2.52,113.0,2.7,284.0,6.33,3.14,910.31,457.0,2.94
2026-04-13 01:45:00+00:00,72.6,2.53,112.0,2.69,284.0,6.33,3.14,910.3,,
2026-04-13 02:00:00+00:00,72.6,2.53,112.0,2.69,278.0,6.31,3.14,910.31,457.0,2.94
2026-04-13 02:15:00+00:00,72.6,2.53,113.0,2.7,281.0,6.32,3.13,910.31,,
2026-04-13 02:30:00+00:00,72.6,2.53,113.0,2.7,274.0,6.3,3.13,910.32,457.0,2.94
2026-04-13 02:45:00+00:00,73.9,2.54,113.0,2.7,278.0,6.31,3.14,910.31,,
2026-04-13 03:00:00+00:00,72.6,2.53,113.0,2.7,278.0,6.31,3.14,910.32,460.0,2.95
2026-04-13 03:15:00+00:00,72.6,2.53,113.0,2.7,278.0,6.31,3.13,910.32,,
2026-04-13 03:30:00+00:00,72.6,2.53,113.0,2.7,274.0,6.3,3.13,910.32,460.0,2.95
2026-04-13 03:45:00+00:00,72.6,2.53,113.0,2.7,281.0,6.32,3.13,910.31,,
2026-04-13 04:00:00+00:00,73.9,2.54,112.0,2.69,281.0,6.32,3.13,910.31,460.0,2.95
2026-04-13 04:15:00+00:00,72.6,2.53,113.0,2.7,281.0,6.32,3.13,910.32,,
2026-04-13 04:30:00+00:00,72.6,2.53,112.0,2.69,281.0,6.32,3.12,910.31,460.0,2.95
2026-04-13 04:45:00+00:00,72.6,2.53,113.0,2.7,281.0,6.32,3.12,910.31,,
2026-04-13 05:00:00+00:00,72.6,2.53,113.0,2.7,278.0,6.31,3.12,910.31,457.0,2.94
2026-04-13 05:15:00+00:00,72.6,2.53,112.0,2.69,278.0,6.31,3.12,910.3,,
2026-04-13 05:30:00+00:00,72.6,2.53,112.0,2.69,271.0,6.29,3.11,910.31,457.0,2.94
2026-04-13 05:45:00+00:00,72.6,2.53,112.0,2.69,271.0,6.29,3.12,910.31,,
2026-04-13 06:00:00+00:00,72.6,2.53,112.0,2.69,271.0,6.29,3.12,910.31,457.0,2.94
2026-04-13 06:15:00+00:00,72.6,2.53,110.0,2.68,281.0,6.32,3.11,910.3,,
2026-04-13 06:30:00+00:00,71.2,2.52,110.0,2.68,281.0,6.32,3.12,910.3,457.0,2.94
2026-04-13 06:45:00+00:00,71.2,2.52,110.0,2.68,281.0,6.32,3.11,910.3,,
2026-04-13 07:00:00+00:00,71.2,2.52,110.0,2.68,281.0,6.32,3.12,910.3,453.0,2.93
2026-04-13 07:15:00+00:00,71.2,2.52,110.0,2.68,274.0,6.3,3.11,910.3,,
2026-04-13 07:30:00+00:00,71.2,2.52,110.0,2.68,281.0,6.32,3.11,910.3,453.0,2.93
2026-04-13 07:45:00+00:00,71.2,2.52,110.0,2.68,271.0,6.29,3.11,910.3,,
2026-04-13 08:00:00+00:00,71.2,2.52,110.0,2.68,278.0,6.31,3.11,910.3,453.0,2.93
2026-04-13 08:15:00+00:00,69.9,2.51,110.0,2.68,281.0,6.32,3.1,910.29,,
2026-04-13 08:30:00+00:00,69.9,2.51,110.0,2.68,274.0,6.3,3.11,910.29,453.0,2.93
2026-04-13 08:45:00+00:00,69.9,2.51,110.0,2.68,281.0,6.32,3.11,910.3,,
2026-04-13 09:00:00+00:00,69.9,2.51,110.0,2.68,274.0,6.3,3.11,910.29,453.0,2.93
2026-04-13 09:15:00+00:00,69.9,2.51,110.0,2.68,274.0,6.3,3.11,910.3,,
2026-04-13 09:30:00+00:00,69.9,2.51,110.0,2.68,271.0,6.29,3.11,910.29,453.0,2.93
2026-04-13 09:45:00+00:00,71.2,2.52,110.0,2.68,278.0,6.31,3.11,910.29,,
2026-04-13 10:00:00+00:00,71.2,2.52,110.0,2.68,274.0,6.3,3.11,910.29,449.0,2.92
2026-04-13 10:15:00+00:00,71.2,2.52,110.0,2.68,274.0,6.3,3.11,910.29,,
2026-04-13 10:30:00+00:00,71.2,2.52,108.0,2.67,274.0,6.3,3.11,910.29,449.0,2.92
2026-04-13 10:45:00+00:00,71.2,2.52,108.0,2.67,274.0,6.3,3.11,910.29,,
2026-04-13 11:00:00+00:00,71.2,2.52,107.0,2.66,278.0,6.31,3.11,910.29,449.0,2.92
2026-04-13 11:15:00+00:00,69.9,2.51,105.0,2.65,274.0,6.3,3.12,910.29,,
2026-04-13 11:30:00+00:00,71.2,2.52,107.0,2.66,274.0,6.3,3.12,910.29,449.0,2.92
2026-04-13 11:45:00+00:00,71.2,2.52,107.0,2.66,271.0,6.29,3.11,910.29,,
2026-04-13 12:00:00+00:00,71.2,2.52,107.0,2.66,281.0,6.32,3.11,910.29,442.0,2.9
2026-04-13 12:15:00+00:00,71.2,2.52,107.0,2.66,274.0,6.3,3.12,910.29,,
2026-04-13 12:30:00+00:00,71.2,2.52,105.0,2.65,278.0,6.31,3.12,910.29,449.0,2.92
2026-04-13 12:45:00+00:00,69.9,2.51,105.0,2.65,278.0,6.31,3.12,910.29,,
2026-04-13 13:00:00+00:00,69.9,2.51,104.0,2.64,274.0,6.3,3.12,910.29,449.0,2.92
2026-04-13 13:15:00+00:00,69.9,2.51,104.0,2.64,274.0,6.3,3.12,910.29,,
2026-04-13 13:30:00+00:00,71.2,2.52,104.0,2.64,268.0,6.28,3.12,910.29,439.0,2.89
2026-04-13 13:45:00+00:00,68.6,2.5,104.0,2.64,274.0,6.3,3.12,910.29,,
2026-04-13 14:00:00+00:00,68.6,2.5,104.0,2.64,278.0,6.31,3.13,910.29,446.0,2.91
2026-04-13 14:15:00+00:00,68.6,2.5,104.0,2.64,274.0,6.3,3.12,910.29,,
2026-04-13 14:30:00+00:00,68.6,2.5,104.0,2.64,271.0,6.29,3.12,910.26,467.0,2.97
2026-04-13 14:45:00+00:00,67.4,2.49,104.0,2.64,274.0,6.3,3.12,910.21,,
2026-04-13 15:00:00+00:00,68.6,2.5,104.0,2.64,271.0,6.29,3.11,910.17,490.0,3.03
2026-04-13 15:15:00+00:00,68.6,2.5,104.0,2.64,274.0,6.3,3.11,910.16,,
2026-04-13 15:30:00+00:00,67.4,2.49,104.0,2.64,274.0,6.3,3.12,910.13,478.0,3.0
2026-04-13 15:45:00+00:00,67.4,2.49,105.0,2.65,278.0,6.31,3.11,910.13,,
2026-04-13 16:00:00+00:00,67.4,2.49,105.0,2.65,281.0,6.32,3.13,910.11,471.0,2.98
2026-04-13 16:15:00+00:00,67.4,2.49,107.0,2.66,274.0,6.3,3.12,910.1,,
2026-04-13 16:30:00+00:00,66.1,2.48,105.0,2.65,274.0,6.3,3.12,910.1,471.0,2.98
2026-04-13 16:45:00+00:00,66.1,2.48,107.0,2.66,271.0,6.29,3.12,910.1,,
2026-04-13 17:00:00+00:00,66.1,2.48,107.0,2.66,271.0,6.29,3.12,910.09,457.0,2.94
2026-04-13 17:15:00+00:00,66.1,2.48,107.0,2.66,274.0,6.3,3.12,910.09,,
2026-04-13 17:30:00+00:00,64.8,2.47,108.0,2.67,274.0,6.3,3.12,910.09,460.0,2.95
2026-04-13 17:45:00+00:00,66.1,2.48,107.0,2.66,278.0,6.31,3.11,910.09,,
2026-04-13 18:00:00+00:00,64.8,2.47,107.0,2.66,271.0,6.29,3.11,910.08,442.0,2.9
2026-04-13 18:15:00+00:00,64.8,2.47,107.0,2.66,271.0,6.29,3.12,910.08,,
2026-04-13 18:30:00+00:00,64.8,2.47,108.0,2.67,271.0,6.29,3.12,910.08,439.0,2.89
2026-04-13 18:45:00+00:00,64.8,2.47,108.0,2.67,274.0,6.3,3.11,910.08,,
2026-04-13 19:00:00+00:00,63.6,2.46,110.0,2.68,271.0,6.29,3.11,910.09,442.0,2.9
2026-04-13 19:15:00+00:00,64.8,2.47,110.0,2.68,271.0,6.29,3.12,910.09,,
2026-04-13 19:30:00+00:00,64.8,2.47,112.0,2.69,268.0,6.28,3.12,910.08,435.0,2.88
2026-04-13 19:45:00+00:00,64.8,2.47,112.0,2.69,268.0,6.28,3.11,910.07,,
2026-04-13 20:00:00+00:00,63.6,2.46,113.0,2.7,271.0,6.29,3.11,910.06,432.0,2.87
2026-04-13 20:15:00+00:00,64.8,2.47,113.0,2.7,274.0,6.3,3.11,910.07,,
2026-04-13 20:30:00+00:00,63.6,2.46,113.0,2.7,268.0,6.28,3.11,910.07,439.0,2.89
2026-04-13 20:45:00+00:00,63.6,2.46,115.0,2.71,268.0,6.28,3.11,910.08,,
2026-04-13 21:00:00+00:00,63.6,2.46,113.0,2.7,268.0,6.28,3.11,910.08,432.0,2.87
2026-04-13 21:15:00+00:00,63.6,2.46,113.0,2.7,271.0,6.29,3.11,910.08,,
2026-04-13 21:30:00+00:00,64.8,2.47,113.0,2.7,271.0,6.29,3.12,910.08,428.0,2.86
2026-04-13 21:45:00+00:00,64.8,2.47,113.0,2.7,266.0,6.27,3.11,910.07,,
2026-04-13 22:00:00+00:00,64.8,2.47,113.0,2.7,263.0,6.26,3.11,910.08,435.0,2.88
2026-04-13 22:15:00+00:00,64.8,2.47,112.0,2.69,268.0,6.28,3.12,910.07,,
2026-04-13 22:30:00+00:00,64.8,2.47,112.0,2.69,271.0,6.29,3.11,910.07,428.0,2.86
2026-04-13 22:45:00+00:00,64.8,2.47,112.0,2.69,271.0,6.29,3.11,910.07,,
2026-04-13 23:00:00+00:00,66.1,2.48,110.0,2.68,278.0,6.31,3.11,910.07,432.0,2.87
2026-04-13 23:15:00+00:00,66.1,2.48,110.0,2.68,268.0,6.28,3.11,910.08,,
2026-04-13 23:30:00+00:00,67.4,2.49,112.0,2.69,271.0,6.29,3.1,910.08,432.0,2.87
2026-04-13 23:45:00+00:00,67.4,2.49,112.0,2.69,268.0,6.28,3.11,910.07,,
2026-04-14 00:00:00+00:00,66.1,2.48,113.0,2.7,268.0,6.28,3.1,910.07,442.0,2.9
2026-04-14 00:15:00+00:00,66.1,2.48,113.0,2.7,271.0,6.29,3.11,910.06,,
2026-04-14 00:30:00+00:00,66.1,2.48,113.0,2.7,274.0,6.3,3.1,910.07,442.0,2.9
2026-04-14 00:45:00+00:00,66.1,2.48,113.0,2.7,274.0,6.3,3.09,910.07,,
2026-04-14 01:00:00+00:00,66.1,2.48,112.0,2.69,274.0,6.3,3.09,910.06,442.0,2.9
2026-04-14 01:15:00+00:00,66.1,2.48,112.0,2.69,274.0,6.3,3.1,910.07,,
2026-04-14 01:30:00+00:00,67.4,2.49,110.0,2.68,271.0,6.29,3.09,910.09,439.0,2.89
2026-04-14 01:45:00+00:00,66.1,2.48,112.0,2.69,271.0,6.29,3.09,910.13,,
2026-04-14 02:00:00+00:00,66.1,2.48,112.0,2.69,274.0,6.3,3.1,910.16,405.0,2.79
2026-04-14 02:15:00+00:00,66.1,2.48,112.0,2.69,274.0,6.3,3.09,910.19,,
2026-04-14 02:30:00+00:00,67.4,2.49,112.0,2.69,274.0,6.3,3.09,910.21,398.0,2.77
2026-04-14 02:45:00+00:00,66.1,2.48,112.0,2.69,274.0,6.3,3.08,910.23,,
2026-04-14 03:00:00+00:00,66.1,2.48,112.0,2.69,271.0,6.29,3.08,910.25,401.0,2.78
2026-04-14 03:15:00+00:00,66.1,2.48,112.0,2.69,271.0,6.29,3.08,910.27,,
2026-04-14 03:30:00+00:00,66.1,2.48,112.0,2.69,271.0,6.29,3.08,910.28,401.0,2.78
2026-04-14 03:45:00+00:00,66.1,2.48,110.0,2.68,271.0,6.29,3.08,910.28,,
2026-04-14 04:00:00+00:00,66.1,2.48,112.0,2.69,268.0,6.28,3.08,910.29,415.0,2.82
2026-04-14 04:15:00+00:00,66.1,2.48,112.0,2.69,274.0,6.3,3.08,910.29,,
2026-04-14 04:30:00+00:00,66.1,2.48,110.0,2.68,271.0,6.29,3.08,910.3,422.0,2.84
2026-04-14 04:45:00+00:00,66.1,2.48,112.0,2.69,274.0,6.3,3.08,910.3,,
2026-04-14 05:00:00+00:00,66.1,2.48,112.0,2.69,266.0,6.27,3.08,910.3,425.0,2.85
2026-04-14 05:15:00+00:00,66.1,2.48,112.0,2.69,268.0,6.28,3.08,910.3,,
2026-04-14 05:30:00+00:00,66.1,2.48,112.0,2.69,271.0,6.29,3.08,910.3,428.0,2.86
2026-04-14 05:45:00+00:00,66.1,2.48,113.0,2.7,271.0,6.29,3.08,910.31,,
2026-04-14 06:00:00+00:00,64.8,2.47,112.0,2.69,268.0,6.28,3.08,910.31,432.0,2.87
2026-04-14 06:15:00+00:00,66.1,2.48,112.0,2.69,268.0,6.28,3.08,910.31,,
2026-04-14 06:30:00+00:00,66.1,2.48,112.0,2.69,268.0,6.28,3.08,910.3,428.0,2.86
2026-04-14 06:45:00+00:00,66.1,2.48,112.0,2.69,268.0,6.28,3.08,910.31,,
2026-04-14 07:00:00+00:00,66.1,2.48,112.0,2.69,266.0,6.27,3.08,910.31,432.0,2.87
2026-04-14 07:15:00+00:00,66.1,2.48,112.0,2.69,271.0,6.29,3.08,910.31,,
2026-04-14 07:30:00+00:00,66.1,2.48,112.0,2.69,271.0,6.29,3.07,910.31,435.0,2.88
2026-04-14 07:45:00+00:00,66.1,2.48,113.0,2.7,271.0,6.29,3.08,910.31,,
2026-04-14 08:00:00+00:00,66.1,2.48,113.0,2.7,268.0,6.28,3.08,910.31,435.0,2.88
2026-04-14 08:15:00+00:00,66.1,2.48,112.0,2.69,274.0,6.3,3.08,910.31,,
2026-04-14 08:30:00+00:00,66.1,2.48,112.0,2.69,268.0,6.28,3.08,910.31,435.0,2.88
2026-04-14 08:45:00+00:00,66.1,2.48,112.0,2.69,268.0,6.28,3.08,910.31,,
2026-04-14 09:00:00+00:00,64.8,2.47,112.0,2.69,266.0,6.27,3.08,910.31,428.0,2.86
2026-04-14 09:15:00+00:00,66.1,2.48,112.0,2.69,271.0,6.29,3.08,910.31,,
2026-04-14 09:30:00+00:00,66.1,2.48,112.0,2.69,266.0,6.27,3.08,910.31,432.0,2.87
2026-04-14 09:45:00+00:00,66.1,2.48,112.0,2.69,268.0,6.28,3.08,910.31,,
2026-04-14 10:00:00+00:00,66.1,2.48,112.0,2.69,268.0,6.28,3.08,910.31,435.0,2.88
2026-04-14 10:15:00+00:00,66.1,2.48,110.0,2.68,268.0,6.28,3.07,910.31,,
2026-04-14 10:30:00+00:00,66.1,2.48,108.0,2.67,271.0,6.29,3.08,910.31,425.0,2.85
2026-04-14 10:45:00+00:00,66.1,2.48,108.0,2.67,271.0,6.29,3.08,910.3,,
2026-04-14 11:00:00+00:00,66.1,2.48,108.0,2.67,266.0,6.27,3.08,910.31,428.0,2.86
2026-04-14 11:15:00+00:00,66.1,2.48,108.0,2.67,271.0,6.29,3.07,910.31,,
2026-04-14 11:30:00+00:00,66.1,2.48,110.0,2.68,268.0,6.28,3.07,910.31,432.0,2.87
2026-04-14 11:45:00+00:00,66.1,2.48,110.0,2.68,266.0,6.27,3.08,910.31,,
2026-04-14 12:00:00+00:00,66.1,2.48,110.0,2.68,266.0,6.27,3.08,910.3,435.0,2.88
2026-04-14 12:15:00+00:00,66.1,2.48,108.0,2.67,266.0,6.27,3.08,910.3,,
2026-04-14 12:30:00+00:00,66.1,2.48,105.0,2.65,266.0,6.27,3.08,910.3,432.0,2.87
2026-04-14 12:45:00+00:00,66.1,2.48,105.0,2.65,263.0,6.26,3.08,910.3,,
2026-04-14 13:00:00+00:00,64.8,2.47,104.0,2.64,263.0,6.26,3.08,910.31,428.0,2.86
2026-04-14 13:15:00+00:00,64.8,2.47,105.0,2.65,266.0,6.27,3.08,910.3,,
2026-04-14 13:30:00+00:00,64.8,2.47,105.0,2.65,263.0,6.26,3.08,910.31,428.0,2.86
2026-04-14 13:45:00+00:00,64.8,2.47,105.0,2.65,266.0,6.27,3.08,910.3,,
2026-04-14 14:00:00+00:00,64.8,2.47,105.0,2.65,263.0,6.26,3.08,910.31,425.0,2.85
2026-04-14 14:15:00+00:00,,,,,,,3.07,910.31,,
2026-04-14 14:30:00+00:00,,,,,,,,910.31,422.0,2.84
>>>>>>> Stashed changes
